Group,Dataset,Regulation,Description,GeneRatio,BgRatio,pvalue,p.adjust,qvalue,geneID,Count
Protein Synthesis / Translation,OSNs,Down,RIBOSOME,72/990,80/2697,8.30E-24,1.27E-21,9.65E-22,31022/43349/41347/40451/39484/31588/44251/39338/34309/3355144/43723/37292/39108/31700/37580/34329/43864/40654/38794/32700/43768/3355124/34352/40687/39480/33214/38208/43532/31106/36855/37589/43594/37235/35098/42761/31613/44783/43103/34754/40060/37849/33654/36985/34526/3354918/34420/45329/37995/37628/33629/36851/38397/38983/39088/36576/41343/42470/43169/31009/41200/43039/31483/34098/44059/43573/35988/31897/34149/35453/36321/33487/37430,72
Other / Miscellaneous,OSNs,Down,OXIDATIVE_PHOSPHORYLATION,77/990,104/2697,3.10E-15,3.18E-13,2.41E-13,43829/3355155/37617/43507/44307/42216/43798/41800/45247/40389/43693/39846/41845/5740185/40679/44390/37228/38612/39143/37922/40390/48971/35279/35590/35944/35491/42341/317928/41550/5740593/31950/33852/36731/34997/32740/31342/31762/50002/43442/246560/40272/46040/37728/42759/40995/46260/33918/41432/42291/44228/50246/32989/33744/37385/37946/44046/37931/44207/39950/33179/45401/46069/33528/42591/41340/36826/36159/38154/39214/44702/32565/37466/31604/32936/32434/42808/34747,77
Neurodegeneration,OSNs,Down,ALZHEIMERS_DISEASE,78/990,113/2697,1.06E-12,8.12E-11,6.16E-11,43829/3355155/40248/37617/36914/43507/35728/37232/3354888/35480/43798/41800/42964/49297/43693/39846/46456/41845/5740185/44390/37228/38612/39143/40390/35279/35590/35491/317928/5740593/31950/33852/32740/31762/50002/36329/246560/40272/46040/37728/42759/40995/46260/33918/32789/41432/42291/44228/50246/36384/32989/34996/33744/37946/44046/44207/39950/33179/45401/31376/33528/42591/41340/49090/36159/39165/38154/42358/39214/32565/37466/40260/31604/32936/34772/32434/42808/31248/34747,78
Neurodegeneration,OSNs,Down, _PARKINSONS_DISEASE,66/990,99/2697,6.95E-10,4.27E-08,3.23E-08,43829/3355155/37617/36914/43507/43798/41800/34500/43693/35998/39846/3355079/41845/5740185/44390/37228/38612/39143/40390/35279/35590/35491/317928/5740593/31950/33852/32740/31762/50002/246560/40272/46040/37728/42759/40995/46260/32007/33918/41432/42291/44228/50246/32989/34996/33744/37946/44046/44207/39950/33179/45401/33528/42591/41340/37035/36159/38154/33397/39214/32565/37466/31604/32936/32434/42808/34747,66
Neurodegeneration,OSNs,Down, _MEDICUS_VARIANT_MUTATION_CAUSED_ABERRANT_SOD1_TO_26S_PROTEASOME_MEDIATED_PROTEIN_DEGRADATION,33/990,40/2697,2.86E-09,1.46E-07,1.11E-07,42802/36638/41531/43449/36951/40639/39628/39855/40174/36018/32584/31567/45269/33105/34420/41079/39251/40717/42805/37378/37894/33629/32047/39845/33738/42828/35701/38456/40388/42641/36545/33369/46058,33
Protein Degradation / Turnover,OSNs,Down, _MEDICUS_REFERENCE_26S_PROTEASOME_MEDIATED_PROTEIN_DEGRADATION,31/990,38/2697,1.50E-08,5.12E-07,3.88E-07,42802/36638/41531/43449/36951/40639/39628/39855/40174/36018/32584/31567/45269/33105/34420/41079/40717/42805/37378/37894/33629/32047/39845/33738/42828/35701/38456/40388/42641/36545/46058,31
Neurodegeneration,OSNs,Down, _HUNTINGTONS_DISEASE,79/990,132/2697,2.62E-08,8.04E-07,6.10E-07,43829/3355155/32537/37617/36914/43507/39450/33211/31773/43798/41800/34500/43693/38565/39682/39846/41845/5740185/44390/37228/38612/39143/40390/35279/35590/35491/317928/5740593/31950/33852/32740/31762/50002/36382/246560/40272/46040/37728/42759/40995/46260/40562/32007/33918/39251/32083/42525/41432/42291/44228/50246/40221/36384/32987/32989/34996/33744/37946/44046/44207/39950/33179/43856/45401/31376/33528/42591/41340/36159/38154/39214/32565/37466/31604/32936/45683/32434/42808/34747,79
Mitochondrial Function & Energy Metabolism,OSNs,Down, _MEDICUS_REFERENCE_MITOCHONDRIAL_COMPLEX_UCP1_IN_THERMOGENESIS,42/990,59/2697,5.65E-08,1.33E-06,1.01E-06,37617/43798/39846/41845/44390/31578/37228/38612/40390/35590/35491/317928/5740593/31950/33852/32740/7354420/31762/40272/37728/41432/44228/32989/33744/37385/37946/33443/44046/44207/39950/33528/42591/41340/36159/32565/37466/31604/32936/32434/42808/42282/34747,42
Other / Miscellaneous,OSNs,Down, _FOCAL_ADHESION,48/990,73/2697,3.14E-07,6.03E-06,4.57E-06,43991/31521/43775/37232/36497/3354888/44801/42066/32661/49260/44885/31151/35526/37233/31201/31166/35215/36775/32981/38978/38723/34068/38831/31554/42817/32551/38146/35368/42549/36692/38244/33203/33726/33727/44289/41140/32990/37356/39165/39118/37455/32275/38017/34127/43916/35340/31248/53573,48
Protein Degradation / Turnover,OSNs,Down, _PROTEASOME,29/990,38/2697,6.39E-07,1.15E-05,8.74E-06,42802/36638/41531/43449/36951/40639/39628/39855/40174/36018/32584/31567/45269/33105/35342/32274/41079/40717/42805/37378/37894/32047/39845/33738/42828/35701/40388/42641/46058,29
Neurodegeneration,OSNs,Down, _MEDICUS_VARIANT_MUTATION_INACTIVATED_PINK1_TO_ELECTRON_TRANSFER_IN_COMPLEX_I,29/990,40/2697,3.86E-06,5.65E-05,4.28E-05,3355155/43798/31578/317928/5740593/33852/32740/31762/40272/46260/44228/33744/37385/37946/33443/44207/33179/33528/42591/36159/38154/39214/32565/37466/31604/32936/32434/42282/34747,29
Other / Miscellaneous,OSNs,Down, _CARDIAC_MUSCLE_CONTRACTION,31/990,44/2697,4.75E-06,6.63E-05,5.03E-05,35007/33952/41800/49297/39846/33953/5740185/41852/44390/38612/31474/41853/40390/48971/35279/35491/32314/35408/50002/246560/46040/37728/40995/33918/32794/41432/50246/32989/39950/45401/49090,31
Other / Miscellaneous,OSNs,Down, _VIBRIO_CHOLERAE_INFECTION,30/990,49/2697,3.76E-04,0.004435989,0.003361404,31521/46080/44307/42216/45247/40389/34427/35419/33905/34284/40679/35526/35944/42341/41550/36731/41062/34997/31342/43442/37805/32968/39410/34148/36310/36826/35366/44702/38500/41387,30
Other / Miscellaneous,OSNs,Down, _MEDICUS_REFERENCE_CITRATE_CYCLE_SECOND_CARBON_OXIDATION_2,9/990,Oct-97,7.94E-04,0.009028177,0.00684117,41067/42185/34414/37228/35590/38447/41340/44001/42808,9
Metabolic Signaling,OSNs,Down, _EPITHELIAL_CELL_SIGNALING_IN_HELICOBACTER_PYLORI_INFECTION,27/990,45/2697,0.001148859,0.012596414,0.009545029,44307/44801/42216/45247/2768679/40389/40679/32981/35944/42341/41550/38831/36731/41062/34997/31342/43442/34969/38146/42866/36826/41020/44432/37455/44702/34772/41087,27
Cell Structure / Adhesion / ECM,OSNs,Down, _ADHERENS_JUNCTION,24/990,39/2697,0.001310821,0.013876623,0.010515117,3355143/31521/40517/3354888/43769/48448/32132/31151/35526/31201/31166/36775/32981/38831/31738/41062/32115/38890/38146/42549/43856/39258/35900/37455,24
Cell Structure / Adhesion / ECM,OSNs,Down, _REGULATION_OF_ACTIN_CYTOSKELETON,41/990,76/2697,0.001405706,0.014385053,0.010900383,31521/43775/3885565/38001/3354888/31816/32661/3355131/49260/44885/246497/34793/35311/35526/37233/31201/31166/37841/35215/38494/36775/32981/40462/33834/38831/31554/42817/36915/38146/35368/42549/36692/33203/44289/41140/37356/39258/37455/32275/43916/35340,41
Immunity / Inflammation,OSNs,Down, _LEUKOCYTE_TRANSENDOTHELIAL_MIGRATION,23/990,38/2697,0.002261315,0.021694493,0.016439167,3355143/31521/40517/31816/2768679/44885/31151/35526/37233/31201/31166/35215/36775/32981/38765/38831/31554/38146/36692/38244/33203/42866/43916,23
Cell Structure / Adhesion / ECM,OSNs,Down, _ECM_RECEPTOR_INTERACTION,14/990,20/2697,0.002487845,0.023144494,0.017537916,32661/44885/36773/38723/34068/45320/35368/36692/33726/33727/39118/32275/37447/31612,14
Other / Miscellaneous,OSNs,Down, PROTEIN_EXPORT,15/990,22/2697,0.002604465,0.02351679,0.017820026,46080/38819/40815/33905/32133/32968/34333/42885/38883/36310/47251/32095/47283/38815/38593,15
Other / Miscellaneous,OSNs,Down, PATHWAYS_IN_CANCER,64/990,133/2697,0.003760646,0.032760351,0.024824405,43991/39340/43767/43825/33196/43775/40517/36497/38389/3354888/44801/43769/3885647/32661/40633/44885/38565/5740235/41602/31151/41852/37233/35420/31014/42428/36854/31332/36775/32981/38723/34068/38831/31738/43354/45307/32551/42550/34969/38146/42549/36692/43580/34996/33203/33726/33727/43856/41709/41140/40090/42435/44432/35554/35900/39118/37237/44115/37455/42453/32275/36377/35927/41087/31248,64
Other / Miscellaneous,OSNs,Down,MEDICUS_ENV_FACTOR_ARSENIC_TO_ELECTRON_TRANSFER_IN_COMPLEX_IV,11/990,15/2697,0.004266245,0.034466772,0.026117458,40390/35279/35491/50002/46040/37728/40995/33918/41432/50246/32989,11
Other / Miscellaneous,OSNs,Down,TIGHT_JUNCTION,26/990,46/2697,0.004545741,0.035783142,0.027114948,43991/35007/31521/38231/33156/40517/38001/48448/31349/32132/31151/35526/31166/37205/36854/38494/36775/32981/38765/45959/47877/41062/31554/2768940/41140/32752,26
Other / Miscellaneous,OSNs,Down, ALDOSTERONE_REGULATED_SODIUM_REABSORPTION,13/990,19/2697,0.004863114,0.036414048,0.027593021,33952/3354888/64880/36059/33953/48971/35408/44155/42549/33203/39958/41140/38017,13
Other / Miscellaneous,OSNs,Down,CELL_ADHESION_MOLECULES_CAMS,13/990,19/2697,0.004863114,0.036414048,0.027593021,36363/39387/32661/40553/31792/44885/39443/36692/31364/40382/32275/37447/36377,13
Other / Miscellaneous,OSNs,Down,NEUROACTIVE-LIGAND-RECEPTOR,35/321,60/2697,2.64E-18,6.72E-16,6.72E-16,32864/31621/40575/32860/42530/41639/40665/31107/43669/43982/40754/43551/5740505/39984/42918/42652/37892/35535/42919/43098/37196/45910/42133/41713/41286/40195/33007/37191/42561/42523/36601/41726/33942/33572/41638,35
Metabolic Signaling,OSNs,Down,GPCR_PLCB_ITPR_SIGNALING_PATHWAY,10/321,16/2697,2.07E-06,2.64E-04,2.64E-04,32864/40575/32860/43982/43551/37892/35535/42133/41286/42523,10
Synaptic Signaling ,OSNs,Down,CALCIUM_SIGNALING_PATHWAY,20/321,67/2697,3.10E-15,3.18E-13,0.004569176,32864/40575/32860/40665/31107/43669/43982/32008/36003/43551/42652/37892/35535/34594/34495/42133/41286/31550/42523/41726,20
Other / Miscellaneous,OSNs,Down,MATURITY_ONSET_DIABETES_OF_THE_YOUNG,9/321,21/2697,3.42E-04,0.021781017,0.021781017,35227/42495/31003/44008/35404/43191/38884/39935/117364,9
Other / Miscellaneous,OSNs,Down,RETROGRADE_AXONAL_TRANSPORT,10/321,28/2697,9.05E-04,0.046164312,0.046164312,43295/32785/37374/41124/39130/43379/38586/36303/42485/39318,10
Metabolic Signaling,Fatbody,Up,Regulation of Insulin-like Growth Factor (IGF) transport and uptake by Insulin-like Growth Factor Binding Proteins (IGFBPs),21/368,90/4391,1.06E-05,0.00337812,0.003055083,34937/326221/41829/34044/39611/32773/45908/39978/38145/39118/2768847/34091/37447/34339/41161/43354/38218/36464/33930/45040/42784,21
Protein Synthesis / Translation,Fatbody,Up,Post-translational protein phosphorylation,21/368,90/4391,1.06E-05,0.00337812,0.003055083,34937/326221/41829/34044/39611/32773/45908/39978/38145/39118/2768847/34091/37447/34339/41161/43354/38218/36464/33930/45040/42784,21
Neurodegeneration,Fatbody,Up,"Degradation of NF-kappa-B inhibitor, CACT",13/368,41/4391,1.64E-05,0.003491995,0.003158068,43222/36638/35045/43256/34969/35047/39625/35956/42805/39628/34387/39855/40174,13
Immunity / Inflammation,Fatbody,Up,Toll pathway,13/368,46/4391,6.42E-05,0.01026159,0.009280311,43222/36638/35045/43256/34969/35047/39625/35956/42805/39628/34387/39855/40174,13
Metabolism: Lipids & Miscellaneous,Fatbody,Up,Metabolism of lipids,56/368,415/4391,1.44E-04,0.018347993,0.01659344,44858/41330/34291/31532/41829/35948/39611/40468/39160/36340/41962/43440/40437/32858/45908/32672/40155/34063/43350/326148/37516/43332/37445/34091/43662/318721/34910/40471/31747/43950/32506/42446/34339/45524/34176/35761/31716/41457/34109/36752/38928/37994/42893/35529/39820/41427/36109/39168/35733/38221/46059/44154/36045/38596/45040/34136,56
Other / Miscellaneous,Fatbody,Up,ABC-family proteins mediated transport,19/368,96/4391,2.95E-04,0.031446021,0.028438952,43451/33636/37724/34322/36638/33171/33170/326154/42005/34619/34148/42805/33629/39628/43450/39855/31567/34140/40174,19
Immunity / Inflammation,Fatbody,Up,Neutrophil degranulation,57/368,444/4391,4.77E-04,0.041524006,0.037553215,34937/35862/40117/41087/41829/34044/34978/36533/40963/32773/40118/53543/36638/43440/38326/36542/37341/45908/317887/34437/38127/32470/42964/37340/34091/43662/38750/35779/39976/42841/38422/37850/39336/32352/34339/41161/48582/36271/35411/41457/36464/38389/43648/33825/44631/42805/34840/39628/32006/43649/3772109/39855/44291/45040/40524/35129/40174,57
Cell Structure / Adhesion / ECM,Fatbody,Up,Extracellular matrix organization,20/368,109/4391,5.85E-04,0.041524006,0.037553215,34937/41829/42944/34044/43646/32773/39265/45908/2768859/38723/39118/34091/37447/45320/34339/319025/246444/3772109/36693/45040,20
Mitochondrial Function & Energy Metabolism,Fatbody,Down,Gluconeogenesis,8/189,25/4391,5.85E-06,0.002282499,0.002143886,33373/43582/32545/43483/42185/35886/34414/33461,8
Other / Miscellaneous,Fatbody,Down,GTP hydrolysis and joining of the 60S ribosomal subunit,13/189,78/4391,2.16E-05,0.003609989,0.003390759,36855/3355144/33487/31009/39108/37628/34754/37292/37849/35453/37430/41200/37235,13
Protein Synthesis / Translation,Fatbody,Down,SRP-dependent cotranslational protein targeting to membrane,13/189,83/4391,4.29E-05,0.003609989,0.003390759,36855/3355144/33487/31009/39108/37628/34754/37292/37849/35453/37430/41200/37235,13
Other / Miscellaneous,Fatbody,Down,Metabolism of amino acids and derivatives,20/189,175/4391,4.80E-05,0.003609989,0.003390759,40492/33373/32878/41167/43499/32789/31020/35190/36392/41561/40059/32676/32471/36536/30995/40241/3771738/38746/40097/37026,20
Mitochondrial Function & Energy Metabolism,Fatbody,Down,Glucose metabolism,9/189,42/4391,5.44E-05,0.003609989,0.003390759,33373/43582/32545/43483/42185/35886/34414/33461/36060,9
Other / Miscellaneous,Fatbody,Down,Nonsense Mediated Decay (NMD) independent of the Exon Junction Complex (EJC),13/189,85/4391,5.55E-05,0.003609989,0.003390759,36855/3355144/33487/31009/39108/37628/34754/37292/37849/35453/37430/41200/37235,13
Other / Miscellaneous,Fatbody,Down,Formation of a pool of free 40S subunits,13/189,91/4391,1.15E-04,0.006394769,0.006006423,36855/3355144/33487/31009/39108/37628/34754/37292/37849/35453/37430/41200/37235,13
Other / Miscellaneous,Fatbody,Down,Nonsense-Mediated Decay (NMD),13/189,98/4391,2.47E-04,0.010689919,0.010040733,36855/3355144/33487/31009/39108/37628/34754/37292/37849/35453/37430/41200/37235,13
Other / Miscellaneous,Fatbody,Down,Nonsense Mediated Decay (NMD) enhanced by the Exon Junction Complex (EJC),13/189,98/4391,2.47E-04,0.010689919,0.010040733,36855/3355144/33487/31009/39108/37628/34754/37292/37849/35453/37430/41200/37235,13
Protein Synthesis / Translation,Fatbody,Down,L13a-mediated translational silencing of Ceruloplasmin expression,13/189,101/4391,3.34E-04,0.013040148,0.012248236,36855/3355144/33487/31009/39108/37628/34754/37292/37849/35453/37430/41200/37235,13
Mitochondrial Function & Energy Metabolism,Fatbody,Down,Branched-chain amino acid catabolism,5/189,16/4391,4.15E-04,0.014723882,0.01382972,32789/36392/40059/36536/30995,5
Protein Synthesis / Translation,Fatbody,Down,Eukaryotic Translation Initiation,13/189,109/4391,7.08E-04,0.020035585,0.01881885,36855/3355144/33487/31009/39108/37628/34754/37292/37849/35453/37430/41200/37235,13
Protein Synthesis / Translation,Fatbody,Down,Cap-dependent Translation Initiation,13/189,109/4391,7.08E-04,0.020035585,0.01881885,36855/3355144/33487/31009/39108/37628/34754/37292/37849/35453/37430/41200/37235,13
Other / Miscellaneous,Fatbody,Down,The citric acid (TCA) cycle and respiratory electron transport,16/189,152/4391,7.19E-04,0.020035585,0.01881885,44001/42505/31190/42185/36252/35656/33528/3355155/44046/37466/41432/37551/31605/46069/317928/40299,16
Mitochondrial Function & Energy Metabolism,Fatbody,Down,Metabolism of carbohydrates,16/189,159/4391,0.001175425,0.030561042,0.028705109,32880/33373/43582/246599/32545/44010/37804/43483/31185/42185/35886/33431/39065/34414/33461/36060,16
Protein Synthesis / Translation,OSNs,Down,L13a-mediated translational silencing of Ceruloplasmin expression,96/1367,101/4391,2.91E-43,2.24E-40,1.51E-40,31022/43349/37070/41347/40451/39484/31588/36037/43839/44251/40563/39338/36565/34309/33835/36981/39877/37005/3355144/43723/44150/37292/39108/31700/37580/34329/43864/40654/45525/38794/32617/32700/43768/47219/39386/3355124/34352/40687/39480/33214/42789/38208/43532/31106/36855/40587/45682/37589/32953/33710/32635/43594/41843/37235/44260/35098/42761/31613/43103/47218/34754/40060/37849/39433/33654/36985/34526/3354918/31243/34420/37475/45329/37995/37628/33629/36851/38397/49809/38983/39088/36576/41343/31009/41200/43039/31483/34098/44059/43573/35988/31897/34149/35453/36321/33487/37430,96
Other / Miscellaneous,OSNs,Down,Formation of a pool of free 40S subunits,88/1367,91/4391,1.48E-41,5.71E-39,3.86E-39,31022/43349/41347/40451/39484/31588/36037/44251/40563/39338/36565/34309/36981/39877/37005/3355144/43723/44150/37292/39108/31700/37580/34329/43864/40654/38794/32700/43768/47219/39386/3355124/34352/40687/39480/33214/42789/38208/43532/31106/36855/40587/45682/37589/32953/33710/32635/43594/37235/44260/35098/42761/31613/43103/47218/34754/40060/37849/33654/36985/34526/3354918/31243/34420/37475/45329/37995/37628/33629/36851/38397/38983/39088/36576/41343/31009/41200/43039/31483/34098/44059/43573/35988/31897/34149/35453/36321/33487/37430,88
Protein Synthesis / Translation,OSNs,Down,Eukaryotic Translation Initiation,100/1367,109/4391,3.01E-41,5.79E-39,3.91E-39,31022/43349/37070/41347/40451/39484/31588/36037/43839/44251/40563/39338/36565/34309/33835/36981/39877/37005/3355144/43723/44150/37292/39108/31700/37580/34329/43864/40654/45525/38794/32617/32700/43768/47219/39386/3355124/34352/40687/39480/33214/42789/38208/43532/31106/36855/40587/45682/37589/32953/33710/32635/43594/41843/37235/44260/35098/42761/31613/32566/43103/47218/34754/40060/37849/39433/33654/36985/34526/3354918/31243/34420/37475/45329/37995/37628/33629/36851/38397/49809/38983/39088/36576/41343/31009/41200/43039/31483/34098/44059/43573/35988/31897/34149/35453/36321/33487/44261/37430/33569/36722,100
Protein Synthesis / Translation,OSNs,Down,Cap-dependent Translation Initiation,100/1367,109/4391,3.01E-41,5.79E-39,3.91E-39,31022/43349/37070/41347/40451/39484/31588/36037/43839/44251/40563/39338/36565/34309/33835/36981/39877/37005/3355144/43723/44150/37292/39108/31700/37580/34329/43864/40654/45525/38794/32617/32700/43768/47219/39386/3355124/34352/40687/39480/33214/42789/38208/43532/31106/36855/40587/45682/37589/32953/33710/32635/43594/41843/37235/44260/35098/42761/31613/32566/43103/47218/34754/40060/37849/39433/33654/36985/34526/3354918/31243/34420/37475/45329/37995/37628/33629/36851/38397/49809/38983/39088/36576/41343/31009/41200/43039/31483/34098/44059/43573/35988/31897/34149/35453/36321/33487/44261/37430/33569/36722,100
Other / Miscellaneous,OSNs,Down,GTP hydrolysis and joining of the 60S ribosomal subunit,75/1367,78/4391,6.21E-35,9.57E-33,6.46E-33,31022/43349/41347/40451/39484/31588/44251/39338/34309/3355144/43723/44150/37292/39108/31700/37580/34329/43864/40654/38794/32700/43768/47219/3355124/34352/40687/39480/33214/38208/43532/31106/36855/37589/32953/32635/43594/37235/35098/42761/31613/43103/47218/34754/40060/37849/33654/36985/34526/3354918/34420/45329/37995/37628/33629/36851/38397/38983/39088/36576/41343/31009/41200/43039/31483/34098/44059/43573/35988/31897/34149/35453/36321/33487/44261/37430,75
Other / Miscellaneous,OSNs,Down,Nonsense Mediated Decay (NMD) independent of the Exon Junction Complex (EJC),79/1367,85/4391,1.00E-33,1.29E-31,8.69E-32,31022/43349/37070/41347/40451/40240/39484/31588/43839/44251/39338/34309/3355144/43723/44150/37292/39108/31700/37580/34329/43864/40654/38794/32700/43768/47219/3355124/34352/40687/39480/33214/38208/43532/31106/36855/34658/37589/32953/32635/43594/37235/35098/42761/31613/43103/47218/34754/40060/37849/33654/36985/34526/3354918/34420/45329/37995/37628/33629/36851/38397/38983/39088/36576/41343/31009/41200/43039/31483/34098/44059/43573/35988/31897/34149/35453/36321/33487/44409/37430,79
Protein Synthesis / Translation,OSNs,Down,SRP-dependent cotranslational protein targeting to membrane,77/1367,83/4391,9.67E-33,1.06E-30,7.18E-31,31022/43349/41347/40451/39484/31588/44251/39338/34309/3355144/43723/44150/37292/39108/31700/37580/34329/43864/40654/38794/32700/43768/47219/3355124/34352/40687/39480/33214/38208/43532/31106/36855/37589/32953/32635/43594/37235/35098/42761/31613/43103/47218/34754/40060/37849/33654/36985/34526/3354918/34420/45329/37995/38883/37628/33629/36851/38397/38983/39088/36576/41343/31009/41200/43039/31483/34098/44059/43573/35988/31897/34149/35453/36321/33487/37430/38815/38593,77
Other / Miscellaneous,OSNs,Down,Nonsense-Mediated Decay (NMD),85/1367,98/4391,7.58E-31,6.49E-29,4.38E-29,31022/43349/37070/41347/40451/40240/39484/31588/43839/44251/39338/34309/3355144/43723/44150/37292/39108/31700/37580/34329/43864/40654/38794/32700/43768/47219/3355124/34352/40687/39480/33214/38208/43532/31106/36855/34658/37589/32953/45959/47877/32635/43594/37235/35098/42761/31613/37402/43103/47218/34754/40060/37849/2768940/33654/36985/34526/3354918/34420/45329/37995/37628/33629/36851/38397/38983/39088/36576/41343/31009/41200/43039/31483/34098/44059/43573/35988/31897/42994/34149/40987/35453/36321/33487/44409/37430,85
Protein Synthesis / Translation,OSNs,Down,"Activation of the mRNA upon binding of the cap-binding complex and eIFs, and subsequent binding to 43S",54/1367,57/4391,2.09E-24,1.61E-22,1.09E-22,37070/39484/36037/43839/40563/36565/34309/33835/36981/39877/37005/44150/37292/39108/31700/37580/45525/32617/32700/43768/47219/39386/39480/42789/43532/31106/40587/45682/37589/32953/33710/32635/43594/41843/44260/35098/42761/47218/39433/31243/34420/37475/36851/49809/39088/36576/41343/41200/43039/31897/34149/36321/33487/33569,54
Protein Synthesis / Translation,OSNs,Down,Translation initiation complex formation,53/1367,56/4391,6.55E-24,4.20E-22,2.84E-22,37070/39484/36037/43839/40563/36565/34309/33835/36981/39877/37005/44150/37292/39108/31700/37580/45525/32617/32700/43768/47219/39386/39480/42789/43532/31106/40587/45682/37589/32953/33710/32635/43594/41843/44260/35098/42761/47218/39433/31243/34420/37475/36851/49809/39088/36576/41343/41200/43039/31897/34149/36321/33487,53
Other / Miscellaneous,OSNs,Down,Ribosomal scanning and start codon recognition,53/1367,56/4391,6.55E-24,4.20E-22,2.84E-22,39484/36037/43839/40563/36565/34309/33835/36981/39877/37005/44150/37292/39108/31700/37580/45525/32617/32700/43768/47219/39386/39480/42789/43532/31106/40587/45682/37589/32953/33710/32635/43594/41843/44260/35098/42761/32566/47218/39433/31243/34420/37475/36851/49809/39088/36576/41343/41200/43039/31897/34149/36321/33487,53
Other / Miscellaneous,OSNs,Down,"Formation of the ternary complex, and subsequently, the 43S complex",48/1367,49/4391,9.12E-24,5.40E-22,3.65E-22,39484/36037/40563/36565/34309/36981/39877/37005/44150/37292/39108/31700/37580/32617/32700/43768/47219/39386/39480/42789/43532/31106/40587/45682/37589/32953/33710/32635/43594/41843/44260/35098/42761/47218/39433/31243/34420/37475/36851/39088/36576/41343/41200/43039/31897/34149/36321/33487,48
Other / Miscellaneous,OSNs,Down,WG ligand not bound to FZ receptors,44/1367,50/4391,5.91E-17,3.25E-15,2.20E-15,34387/43769/34999/42802/36638/41531/31151/34359/31014/45959/47877/43449/36951/40639/39628/39855/40174/41785/43673/36018/32221/31016/32584/33105/2768940/34420/35742/41079/40717/42805/37894/33629/32047/39102/39845/33738/42828/43162/35701/38456/40388/50428/42641/31248,44
Other / Miscellaneous,OSNs,Down,Wingless pathway,48/1367,57/4391,9.93E-17,5.10E-15,3.44E-15,34387/43791/43769/34999/42802/36638/41531/31151/49701/34359/31014/45959/47877/43449/36951/40639/39628/39855/40174/41785/43673/36018/45307/32221/31016/32584/33105/2768940/34420/35742/41079/40717/42805/37894/33629/32047/39102/39845/33738/42828/43162/40090/35701/38456/40388/50428/42641/31248,48
Protein Degradation / Turnover,OSNs,Down,Ubiquitination of phosphorylated ARM,42/1367,48/4391,4.92E-16,2.23E-14,1.51E-14,34387/34999/42802/36638/41531/31151/34359/31014/45959/47877/43449/36951/40639/39628/39855/40174/41785/43673/36018/32221/31016/32584/33105/2768940/34420/35742/41079/40717/42805/37894/33629/32047/39102/39845/33738/42828/35701/38456/40388/50428/42641/31248,42
Other / Miscellaneous,OSNs,Down,Hedgehog pathway,51/1367,69/4391,2.22E-13,8.12E-12,5.49E-12,43767/34387/33196/48448/34999/32132/42802/34284/36638/41531/31151/39013/34359/31014/34896/45959/47877/43449/36951/40639/39628/39855/40174/41785/43673/36018/32221/31016/32584/33105/2768940/34420/41704/35742/41079/40717/42805/37894/33629/32047/39102/39845/33738/42828/35701/38456/40388/50428/42641/246638/31248,51
Other / Miscellaneous,OSNs,Down,Nuclear CI is degraded,33/1367,38/4391,1.24E-12,4.35E-11,2.94E-11,43767/34387/34999/42802/36638/41531/34359/34896/43449/36951/40639/39628/39855/40174/36018/32584/33105/34420/41704/41079/40717/42805/37894/32047/39102/39845/33738/42828/35701/38456/40388/50428/42641,33
Other / Miscellaneous,OSNs,Down,Circadian Clock pathway,47/1367,65/4391,7.53E-12,2.52E-10,1.70E-10,34387/48448/34999/49260/32132/42802/36638/41531/43312/34359/42186/45959/47877/43449/36951/40639/39628/39855/40174/43673/36018/32221/32584/33105/2768940/34420/41079/40717/42805/37894/33629/32047/39102/39845/33738/42828/44289/41140/35701/38456/40388/50428/42641/246638/35524/42922/31248,47
Protein Degradation / Turnover,OSNs,Down,Degradation of CRY,31/1367,36/4391,9.97E-12,3.20E-10,2.16E-10,34387/34999/42802/36638/41531/34359/43449/36951/40639/39628/39855/40174/36018/32584/33105/34420/41079/40717/42805/37894/33629/32047/39102/39845/33738/42828/35701/38456/40388/50428/42641,31
Other / Miscellaneous,OSNs,Down,N-HH ligand bound to PTC receptor complex,44/1367,60/4391,1.63E-11,5.01E-10,3.39E-10,43767/34387/33196/48448/34999/32132/42802/36638/41531/31151/34359/34896/45959/47877/43449/36951/40639/39628/39855/40174/43673/36018/32221/32584/33105/2768940/34420/41704/41079/40717/42805/37894/32047/39102/39845/33738/42828/35701/38456/40388/50428/42641/246638/31248,44
Metabolic Signaling,OSNs,Down,Interleukin-1 family signaling,46/1367,65/4391,4.30E-11,1.27E-09,8.60E-10,44801/34999/32358/42802/36638/41531/34359/31014/42428/38613/43449/36951/40639/39628/39855/40174/36018/31016/32584/31567/45269/33105/326237/34420/32274/35742/41079/40717/42805/34969/37378/37894/33629/32047/39845/33738/42828/35701/38456/40388/44432/42641/39173/41087/42821/46058,46
Protein Degradation / Turnover,OSNs,Down,SCF(Skp2)-mediated degradation of p27/p21,39/1367,52/4391,7.60E-11,2.09E-09,1.41E-09,39340/34999/42802/36638/41531/34359/43449/36951/40639/39628/39855/40174/36018/31016/32584/31567/45269/33105/326237/34420/32274/35742/41079/40717/42805/37378/37894/33629/32047/39845/33738/42828/35701/38456/40388/36001/42641/42453/46058,39
Other / Miscellaneous,OSNs,Down,Oxygen-dependent proline hydroxylation of Hypoxia-inducible Factor Alpha,41/1367,56/4391,8.92E-11,2.37E-09,1.60E-09,34999/40633/42802/36638/41531/35420/34359/31014/43449/36951/40639/39628/39855/40174/41785/36018/32584/31567/45269/33105/326237/34420/32274/41079/40717/42805/37378/37894/43580/33629/32047/39845/33738/42828/35701/38456/40388/42435/42641/37237/46058,41
Other / Miscellaneous,OSNs,Down,Cellular response to hypoxia,42/1367,58/4391,9.39E-11,2.41E-09,1.63E-09,34999/40633/42802/36638/41531/35420/34359/31014/43449/36951/40639/39628/39855/40174/41785/36018/32584/31567/45269/33105/326237/34420/32274/41079/40717/42805/37378/37894/43580/33629/32047/39845/33738/43856/42828/35701/38456/40388/42435/42641/37237/46058,42
Other / Miscellaneous,OSNs,Down,The citric acid (TCA) cycle and respiratory electron transport,85/1367,152/4391,1.05E-10,2.53E-09,1.71E-09,43829/3355155/41067/37617/43507/45880/43798/44149/41800/42185/34500/43693/34374/39846/31605/36252/41845/5740185/44390/31578/37228/38612/39143/32940/40390/35279/35590/35491/317928/5740593/31950/33852/32740/31762/50002/38447/42505/43936/40272/37728/42759/40995/42586/46260/47173/33918/35156/41432/42291/44228/50246/32989/43437/34996/33744/37385/37946/33443/44046/37931/44207/39950/45401/46069/35970/41133/33528/42591/41340/39999/44001/41745/36159/38154/39214/35100/32565/31184/37466/31604/32936/32434/42808/42282/34747,85
Protein Degradation / Turnover,OSNs,Down,Degradation of GLI1 by the proteasome,39/1367,53/4391,2.02E-10,4.72E-09,3.19E-09,43767/34999/42802/36638/41531/34359/31014/43449/36951/40639/39628/39855/40174/36018/31016/32584/31567/45269/33105/326237/34420/32274/35742/41079/40717/42805/37378/37894/33629/32047/39845/33738/42828/35701/38456/40388/42641/34263/46058,39
Metabolic Signaling,OSNs,Down,MAPK6/MAPK4 signaling,41/1367,57/4391,2.23E-10,5.03E-09,3.40E-09,3354888/34167/34999/42802/36638/41531/34359/32981/43449/36951/40639/39628/39855/40174/36018/32584/31567/45269/32551/33105/326237/34420/32274/41079/40717/42805/38146/37378/37894/33629/32047/39845/33738/42828/41709/35701/38456/40388/42641/34411/46058,41
Other / Miscellaneous,OSNs,Down,Transcriptional regulation by RUNX3,45/1367,65/4391,2.29E-10,5.03E-09,3.40E-09,43795/32536/43769/34999/42802/36638/41531/31151/34359/43449/36951/40639/31738/39628/39855/43804/40174/36018/32584/31567/45269/32551/33105/326237/34420/32274/41079/40717/42805/31722/37378/37894/33629/32047/39845/33738/43856/42828/41140/35701/38456/40388/42641/37851/46058,45
Other / Miscellaneous,OSNs,Down,Cytoprotection by HMOX1,57/1367,91/4391,3.96E-10,8.47E-09,5.72E-09,34999/34686/42802/34374/36638/41531/34359/31014/34896/40390/35279/35491/317928/43449/36951/40639/39628/39855/40174/50002/33227/36018/37728/32584/40995/31567/45269/33105/326237/34420/32274/33918/41079/40717/42743/41432/42805/50246/32989/37378/37894/3772232/34996/33629/32047/39845/33738/43856/42828/35701/38456/40388/39999/42641/35100/32268/46058,57
Protein Degradation / Turnover,OSNs,Down,Degradation of Cyclin D,36/1367,48/4391,4.18E-10,8.70E-09,5.87E-09,34999/42802/36638/41531/34359/36854/43449/36951/40639/39628/39855/40174/36018/32584/31567/45269/32551/33105/326237/34420/32274/41079/40717/42805/37378/37894/33629/32047/39845/33738/42828/35701/38456/40388/42641/46058,36
Other / Miscellaneous,OSNs,Down,ROS sensing by NFE2L2,37/1367,50/4391,4.57E-10,9.25E-09,6.25E-09,34999/42802/36638/41531/34359/31014/34896/43449/36951/40639/39628/39855/40174/36018/32584/31567/45269/33105/326237/34420/32274/41079/40717/42743/42805/37378/37894/33629/32047/39845/33738/42828/35701/38456/40388/42641/46058,37
Other / Miscellaneous,OSNs,Down,Regulation of RUNX2 expression and activity,38/1367,52/4391,4.88E-10,9.64E-09,6.51E-09,34999/42802/36638/41531/34359/31014/34433/43449/36951/40639/39628/39855/40174/36018/31016/32584/31567/45269/33105/326237/34420/32274/35742/41079/40717/42805/37378/37894/33629/32047/39845/33738/42828/35701/38456/40388/42641/46058,38
Other / Miscellaneous,OSNs,Down,Regulation of PTEN stability and activity,42/1367,60/4391,5.36E-10,1.03E-08,6.97E-09,43991/48448/34999/32132/42802/36638/41531/34359/34433/43449/36951/40639/39628/39855/40174/36018/32584/31567/45269/33105/326237/34420/32274/41079/40717/42805/37378/39753/37894/33629/32047/39845/33738/39958/42828/35701/38456/40388/42641/35524/44131/46058,42
Other / Miscellaneous,OSNs,Down,Metabolism of RNA,203/1367,464/4391,9.63E-10,1.68E-08,1.14E-08,31022/34364/43349/47457/37070/41347/43009/2768951/40451/40240/39484/31588/43839/44251/41844/35539/39338/34167/41840/34309/34527/33835/31130/32910/317878/44250/34549/37043/34999/36059/3355144/41666/43723/44150/37292/32955/39108/40436/31700/42802/36774/37580/34329/43864/40654/45525/38794/36304/32700/43768/326153/47219/36638/41531/3355124/34352/40687/39480/38369/33214/38093/34432/38208/34541/34359/43532/31106/36855/32630/36144/3355114/39722/34658/39377/33781/37589/32953/35512/45959/47877/32635/43449/43594/36951/40639/37235/35098/39628/39855/40174/40781/37146/42761/36018/31326/32636/31613/38756/38721/37402/43103/47218/34754/40060/41670/37849/32584/31567/45269/33105/43862/2768940/33645/33654/38720/326237/36985/34526/3354918/34420/32274/44920/41079/53443/40717/50007/45329/42805/37995/44573/38033/42957/37628/44029/37378/37894/33629/32047/31000/39843/36851/36976/39845/34080/35788/38397/32222/38983/39088/36576/33738/41343/31009/41200/43039/42828/31483/34098/39774/35701/38456/44059/40388/43573/35988/44437/34138/31897/42994/34149/43944/33180/40987/39083/35453/36321/42641/33487/34287/44409/41431/38693/37372/33966/37430/48582/44173/32587/41138/35099/42060/41294/42633/42842/53444/32558/38937/32069/36527/42812/32245/42816/46058,203
Protein Degradation / Turnover,OSNs,Down,Degradation of beta-catenin by the destruction complex,45/1367,67/4391,1.08E-09,1.85E-08,1.25E-08,43769/34999/42802/41602/36638/41531/31151/34359/31014/45959/43449/36951/40639/39628/39855/40174/36018/32221/31016/32584/31567/45269/33105/2768940/326237/34420/32274/35742/41079/40717/42805/37378/37894/33629/32047/39845/33738/42828/43162/35701/38456/40388/42641/31248/46058,45
Protein Degradation / Turnover,OSNs,Down,GLI3 is processed to GLI3R by the proteasome,41/1367,60/4391,2.74E-09,4.20E-08,2.84E-08,43767/34999/42802/34284/36638/41531/34359/31014/43449/36951/40639/39628/39855/40174/36018/32221/31016/32584/31567/45269/33105/326237/34420/32274/35742/41079/40717/42805/37378/37894/33629/32047/39845/33738/42828/35701/38456/40388/42641/31248/46058,41
Metabolic Signaling,OSNs,Down,Dectin-1 mediated noncanonical NF-kB signaling,36/1367,50/4391,2.78E-09,4.20E-08,2.84E-08,34999/42802/36638/41531/34359/43449/36951/40639/39628/39855/40174/36018/32584/31567/45269/33105/326237/34420/32274/41079/40717/42805/37378/37894/33629/32047/39845/33738/42828/35701/38456/40388/44432/42641/41087/46058,36
Other / Miscellaneous,OSNs,Down,TNFR2 non-canonical NF-kB pathway,36/1367,50/4391,2.78E-09,4.20E-08,2.84E-08,34999/42802/36638/41531/34359/43449/36951/40639/39628/39855/40174/36018/32584/31567/45269/33105/326237/34420/32274/41079/40717/42805/37378/37894/33629/32047/39845/33738/42828/35701/38456/40388/44432/42641/41087/46058,36
Metabolic Signaling,OSNs,Down,NIK-->noncanonical NF-kB signaling,36/1367,50/4391,2.78E-09,4.20E-08,2.84E-08,34999/42802/36638/41531/34359/43449/36951/40639/39628/39855/40174/36018/32584/31567/45269/33105/326237/34420/32274/41079/40717/42805/37378/37894/33629/32047/39845/33738/42828/35701/38456/40388/44432/42641/41087/46058,36
Other / Miscellaneous,OSNs,Down,Hedgehog ligand biogenesis,39/1367,56/4391,2.86E-09,4.24E-08,2.86E-08,39651/36040/34999/42802/36638/41531/39013/34359/43449/36951/40639/39628/39855/40174/36018/32584/34619/31567/45269/33105/326237/34420/32274/41079/40717/42805/37378/37894/33629/32047/39845/33738/42828/35701/38456/40388/42641/46058/42806,39
Neurodegeneration,OSNs,Down,"Degradation of NF-kappa-B inhibitor, CACT",31/1367,41/4391,5.11E-09,7.29E-08,4.92E-08,34387/34999/42802/36638/41531/34359/43449/36951/40639/39628/39855/40174/36018/32584/33105/43256/41079/40717/42805/34969/37894/32047/39102/39845/33738/42828/35701/40388/50428/42641/43222,31
Protein Degradation / Turnover,OSNs,Down,AUF1 (hnRNP D0) binds and destabilizes mRNA,41/1367,61/4391,5.87E-09,8.04E-08,5.43E-08,37070/43839/41840/34999/41666/32955/42802/36638/41531/34359/43449/36951/40639/39628/39855/40174/36018/32584/31567/45269/33105/326237/34420/32274/44920/41079/40717/42805/37378/37894/33629/32047/39845/33738/42828/35701/38456/40388/42641/48582/46058,41
Other / Miscellaneous,OSNs,Down,"Respiratory electron transport, ATP synthesis by chemiosmotic coupling, and heat production by uncoupling proteins.",62/1367,107/4391,5.95E-09,8.04E-08,5.43E-08,43829/3355155/37617/43507/43798/41800/43693/34374/39846/36252/41845/5740185/44390/31578/38612/39143/40390/35279/35491/317928/5740593/31950/33852/32740/31762/50002/40272/37728/42759/40995/46260/33918/41432/42291/44228/50246/32989/34996/33744/37385/37946/33443/44046/37931/44207/39950/45401/46069/33528/42591/41745/36159/38154/39214/35100/32565/37466/31604/32936/32434/42282/34747,62
Other / Miscellaneous,OSNs,Down,FBXL7 down-regulates AURKA during mitotic entry and in early mitosis,37/1367,53/4391,6.64E-09,8.81E-08,5.95E-08,34999/42802/36638/41531/34359/31014/43449/36951/40639/39628/39855/40174/36018/31016/32584/31567/45269/33105/326237/34420/32274/35742/41079/40717/42805/37378/37894/33629/32047/39845/33738/42828/35701/38456/40388/42641/46058,37
Metabolic Signaling,OSNs,Down,Beta-catenin independent WNT signaling,61/1367,105/4391,6.89E-09,8.99E-08,6.07E-08,32537/33211/43769/34999/43828/42802/46456/32544/36638/36104/34367/41531/31151/34359/39916/36775/35881/43449/38831/36951/40639/53554/39628/37405/39855/40174/36329/36018/45307/45234/32584/31567/45269/33105/326237/34420/32274/41079/40717/42525/42805/38146/40221/32987/37378/37894/33629/32047/39845/33738/42828/41140/40090/35701/38456/40388/42641/32752/33752/42465/46058,61
Protein Degradation / Turnover,OSNs,Down,Autodegradation of Cdh1 by Cdh1:APC/C,40/1367,60/4391,1.30E-08,1.66E-07,1.12E-07,45906/34999/42802/36638/41531/34359/42753/43449/36951/40639/39628/39855/40174/41785/36018/32584/31567/45269/33105/326237/34420/32274/41079/40717/42805/37378/37894/33629/32047/39845/33738/42828/35701/38456/40388/42641/32751/34487/46058/44118,40
Other / Miscellaneous,OSNs,Down,G1/S DNA Damage Checkpoints,38/1367,56/4391,1.43E-08,1.81E-07,1.22E-07,39340/34993/34999/42802/36638/41531/34359/43449/36951/40639/39628/39855/40174/36018/32584/31567/45269/33105/326237/34420/32274/41079/40717/42805/37378/37894/33629/32047/39845/33738/42828/35701/38456/40388/36001/42641/42453/46058,38
Protein Degradation / Turnover,OSNs,Down, Degradation of Phosphorylated Cdc25A,35/1367,50/4391,1.54E-08,1.82E-07,1.23E-07,34993/34999/42802/36638/41531/34359/43449/36951/40639/39628/39855/40174/36018/32584/31567/45269/33105/326237/34420/32274/41079/40717/42805/37378/37894/33629/32047/39845/33738/42828/35701/38456/40388/42641/46058,35
Other / Miscellaneous,OSNs,Down,p53-Independent DNA Damage Response,35/1367,50/4391,1.54E-08,1.82E-07,1.23E-07,34993/34999/42802/36638/41531/34359/43449/36951/40639/39628/39855/40174/36018/32584/31567/45269/33105/326237/34420/32274/41079/40717/42805/37378/37894/33629/32047/39845/33738/42828/35701/38456/40388/42641/46058,35
Other / Miscellaneous,OSNs,Down,PCP/CE pathway,47/1367,76/4391,2.56E-08,2.99E-07,2.02E-07,32537/33211/34999/42802/36638/34367/41531/34359/36775/43449/38831/36951/40639/53554/39628/39855/40174/36018/45307/32584/31567/45269/33105/326237/34420/32274/41079/40717/42525/42805/38146/40221/32987/37378/37894/33629/32047/39845/33738/42828/40090/35701/38456/40388/42641/32752/46058,47
Other / Miscellaneous,OSNs,Down,Cyclin E associated events during G1/S transition,39/1367,59/4391,2.84E-08,3.26E-07,2.20E-07,39340/34999/42802/36638/41531/34359/43449/36951/40639/39628/39855/40174/36018/31016/32584/31567/45269/33105/326237/34420/32274/35742/41079/40717/42805/37378/37894/33629/32047/39845/33738/42828/35701/38456/40388/36001/42641/42453/46058,39
Metabolic Signaling,OSNs,Down,Downstream TCR signaling,34/1367,49/4391,3.53E-08,4.00E-07,2.70E-07,43991/34999/42802/36638/41531/34359/43449/36951/40639/39628/39855/40174/36018/32584/31567/45269/33105/32274/41079/40717/42805/34969/37378/37894/32047/39845/33738/42828/35701/40388/42641/38017/41087/46058,34
Protein Degradation / Turnover,OSNs,Down,Cdc20:Phospho-APC/C mediated degradation of Cyclin A,43/1367,68/4391,3.95E-08,4.41E-07,2.98E-07,39340/45906/34999/42802/36638/41531/34359/42753/43449/36951/40639/39628/39855/40174/41785/36018/32584/31567/45269/33105/326237/34420/32274/41079/40717/42805/37378/37894/33629/32047/39845/33738/42828/35701/38456/40388/35522/42641/32751/34411/34487/46058/44118,43
Other / Miscellaneous,OSNs,Down,Mitotic G2-G2/M phases,47/1367,77/4391,4.62E-08,5.08E-07,3.43E-07,39340/34167/34999/42802/40232/36638/41531/34359/31014/45959/47877/43449/36951/40639/39628/39855/40174/36018/31016/32584/31567/45269/33105/2768940/326237/34420/32274/35742/41079/40717/42550/42805/37378/37894/33629/32047/39845/33738/42828/44289/35701/38456/40388/42641/42453/34411/46058,47
Protein Degradation / Turnover,OSNs,Down,APC/C:Cdc20 mediated degradation of Securin,40/1367,62/4391,5.24E-08,5.60E-07,3.78E-07,45906/34999/42802/36638/41531/34359/42753/43449/36951/40639/39628/39855/40174/41785/36018/32584/31567/45269/33105/326237/34420/32274/41079/40717/42805/37378/37894/33629/32047/39845/33738/42828/35701/38456/40388/42641/32751/34487/46058/44118,40
Other / Miscellaneous,OSNs,Down,Separation of Sister Chromatids,40/1367,62/4391,5.24E-08,5.60E-07,3.78E-07,45906/34999/42802/36638/41531/34359/42753/43449/36951/40639/39628/39855/40174/41785/36018/32584/31567/45269/33105/326237/34420/32274/41079/40717/42805/37378/37894/33629/32047/39845/33738/42828/35701/38456/40388/42641/32751/34487/46058/44118,40
Other / Miscellaneous,OSNs,Down,Cyclin A:Cdk2-associated events at S phase entry,39/1367,60/4391,5.70E-08,6.01E-07,4.06E-07,39340/34999/42802/36638/41531/34359/43449/36951/40639/39628/39855/40174/36018/31016/32584/31567/45269/33105/326237/34420/32274/35742/41079/40717/42805/37378/37894/33629/32047/39845/33738/42828/35701/38456/40388/36001/42641/42453/46058,39
Protein Degradation / Turnover,OSNs,Down,Activation of APC/C and APC/C:Cdc20 mediated degradation of mitotic proteins,44/1367,71/4391,6.59E-08,6.78E-07,4.58E-07,39340/45906/34999/42802/40232/36638/41531/34359/42753/43449/36951/40639/39628/39855/40174/41785/36018/32584/31567/45269/33105/326237/34420/32274/41079/40717/42805/37378/37894/33629/32047/39845/33738/42828/35701/38456/40388/35522/42641/32751/34411/34487/46058/44118,44
Other / Miscellaneous,OSNs,Down,Asymmetric localization of PCP proteins,37/1367,56/4391,6.60E-08,6.78E-07,4.58E-07,34999/42802/36638/41531/34359/43449/36951/40639/39628/39855/40174/36018/45307/32584/31567/45269/33105/326237/34420/32274/41079/40717/42805/37378/37894/33629/32047/39845/33738/42828/40090/35701/38456/40388/42641/32752/46058,37
Protein Degradation / Turnover,OSNs,Down,APC:Cdc20 mediated degradation of cell cycle proteins prior to satisfation of the cell cycle checkpoint,43/1367,69/4391,7.37E-08,7.47E-07,5.04E-07,39340/45906/34999/42802/36638/41531/34359/42753/43449/36951/40639/39628/39855/40174/41785/36018/32584/31567/45269/33105/326237/34420/32274/41079/40717/42805/37378/37894/33629/32047/39845/33738/42828/35701/38456/40388/35522/42641/32751/34411/34487/46058/44118,43
Metabolic Signaling,OSNs,Down,TCR signaling,34/1367,50/4391,7.76E-08,7.62E-07,5.15E-07,43991/34999/42802/36638/41531/34359/43449/36951/40639/39628/39855/40174/36018/32584/31567/45269/33105/32274/41079/40717/42805/34969/37378/37894/32047/39845/33738/42828/35701/40388/42641/38017/41087/46058,34
Other / Miscellaneous,OSNs,Down,Antigen processing-Cross presentation,30/1367,42/4391,8.18E-08,7.62E-07,5.15E-07,34999/42802/36638/41531/34359/43449/36951/40639/39628/39855/40174/36018/32584/31567/45269/33105/32274/41079/40717/42805/37378/37894/32047/39845/33738/42828/35701/40388/42641/46058,30
Other / Miscellaneous,OSNs,Down,Cross-presentation of soluble exogenous antigens (endosomes),30/1367,42/4391,8.18E-08,7.62E-07,5.15E-07,34999/42802/36638/41531/34359/43449/36951/40639/39628/39855/40174/36018/32584/31567/45269/33105/32274/41079/40717/42805/37378/37894/32047/39845/33738/42828/35701/40388/42641/46058,30
Immunity / Inflammation,OSNs,Down,Toll pathway,32/1367,46/4391,8.20E-08,7.62E-07,5.15E-07,34387/34999/42802/36638/41531/34359/45815/43449/36951/40639/39628/39855/40174/36018/32584/33105/43256/41079/40717/42805/34969/37894/32047/39102/39845/33738/42828/35701/40388/50428/42641/43222,32
Other / Miscellaneous,OSNs,Down,Hedgehog 'on' state,42/1367,67/4391,8.22E-08,7.62E-07,5.15E-07,43767/33196/34999/42802/36638/41531/34359/31014/34896/43449/36951/40639/39628/39855/40174/36018/32221/32584/31567/45269/33105/326237/34420/41704/32274/3355013/41079/40717/42805/37378/37894/33629/32047/39845/33738/42828/35701/38456/40388/42641/34263/46058,42
Other / Miscellaneous,OSNs,Down,CDK-mediated phosphorylation and removal of Cdc6,42/1367,67/4391,8.22E-08,7.62E-07,5.15E-07,39340/45906/34999/42802/36638/41531/34359/42753/43449/36951/40639/39628/39855/40174/41785/36018/32584/31567/45269/33105/326237/34420/32274/41079/40717/42805/37378/37894/33629/32047/39845/33738/42828/35701/38456/40388/42641/42453/32751/34487/46058/44118,42
Other / Miscellaneous,OSNs,Down,UCH proteinases,46/1367,76/4391,9.28E-08,8.51E-07,5.75E-07,43788/43819/35486/31521/34999/37368/42802/36638/41531/35151/34359/43449/36951/40639/39628/48632/39855/40174/36018/32584/31567/45269/33105/326237/34420/32274/41079/40717/42805/35490/37378/37894/33629/32047/39102/39845/33738/42828/35701/38456/40388/42641/33397/36545/50403/46058,46
Protein Degradation / Turnover,OSNs,Down,APC/C:Cdh1 mediated degradation of Cdc20 and other APC/C:Cdh1 targeted proteins in late mitosis/early G1,41/1367,66/4391,1.69E-07,1.52E-06,1.02E-06,45906/34999/42802/40232/36638/41531/34359/42753/43449/36951/40639/39628/39855/40174/41785/36018/32584/31567/45269/33105/326237/34420/32274/41079/40717/42805/37378/37894/33629/32047/39845/33738/42828/35701/38456/40388/42641/32751/34487/46058/44118,41
Other / Miscellaneous,OSNs,Down,FCERI mediated NF-kB activation,32/1367,47/4391,1.81E-07,1.60E-06,1.08E-06,34999/42802/36638/41531/34359/43449/36951/40639/39628/39855/40174/36018/32584/31567/45269/33105/32274/41079/40717/42805/34969/37378/37894/32047/39845/33738/42828/35701/40388/42641/41087/46058,32
Other / Miscellaneous,OSNs,Down,G2/M Transition,45/1367,75/4391,1.85E-07,1.62E-06,1.09E-06,39340/34167/34999/42802/40232/36638/41531/34359/31014/45959/47877/43449/36951/40639/39628/39855/40174/36018/31016/32584/31567/45269/33105/2768940/326237/34420/32274/35742/41079/40717/42805/37378/37894/33629/32047/39845/33738/42828/44289/35701/38456/40388/42641/34411/46058,45
Other / Miscellaneous,OSNs,Down,Mitotic Metaphase and Anaphase,55/1367,98/4391,1.95E-07,1.69E-06,1.14E-06,45906/40542/35336/34549/34999/44072/42802/40232/36638/41531/34359/42753/45959/47877/43449/36951/40639/39628/39855/40174/41785/36018/32584/31567/45269/33105/2768940/326237/34420/32274/41079/40717/42805/37378/37894/33629/32047/39845/33738/42828/35701/38456/40388/44437/42641/32751/35933/34411/40250/32777/34487/42816/38750/46058/44118,55
Other / Miscellaneous,OSNs,Down,Regulation of mRNA stability by proteins that bind AU-rich elements,51/1367,89/4391,2.24E-07,1.91E-06,1.29E-06,37070/43839/41844/34167/41840/37043/34999/36059/41666/32955/42802/36638/41531/34359/39722/43449/36951/40639/39628/39855/40174/36018/38721/32584/31567/45269/33105/326237/34420/32274/44920/41079/40717/42805/44573/37378/37894/33629/32047/31000/39845/32222/33738/42828/35701/38456/40388/42641/48582/32245/46058,51
Other / Miscellaneous,OSNs,Down,Mitotic Anaphase,54/1367,96/4391,2.28E-07,1.93E-06,1.30E-06,45906/40542/35336/34549/34999/44072/42802/36638/41531/34359/42753/45959/47877/43449/36951/40639/39628/39855/40174/41785/36018/32584/31567/45269/33105/2768940/326237/34420/32274/41079/40717/42805/37378/37894/33629/32047/39845/33738/42828/35701/38456/40388/44437/42641/32751/35933/34411/40250/32777/34487/42816/38750/46058/44118,54
Metabolic Signaling,OSNs,Down,Signaling by WNT,85/1367,173/4391,3.51E-07,2.94E-06,1.99E-06,32537/33211/43791/33185/34167/43769/48448/34999/36059/43828/32132/38565/42802/46456/41602/32544/36638/36104/34367/41531/31151/34359/31014/34896/39916/36775/35881/45959/43449/38831/36951/40639/53554/39628/37405/39855/40174/43673/36329/36018/45307/32221/31016/45234/32584/31567/45269/33105/2768940/326237/34420/32274/35742/41079/40717/42525/42805/38146/40221/32987/37378/39753/37894/33629/32047/39845/37536/33738/43856/42828/41140/43162/40090/35701/38456/40388/37356/42641/31144/32752/33752/42465/41551/31248/46058,85
Metabolic Signaling,OSNs,Down,Cytokine Signaling in Immune system,77/1367,153/4391,3.72E-07,3.08E-06,2.08E-06,38151/43775/43839/36497/3354888/44801/35336/33835/34999/32358/2768679/32888/42802/45525/36638/41531/34359/31014/32796/42428/38613/36080/45959/43449/39583/36951/40639/39628/39855/43354/40174/36018/31016/32584/31567/45269/33105/2768940/326237/34420/32274/35742/41079/40717/42805/34969/44573/39744/37378/37894/33629/32047/39845/33203/33738/42866/42828/3772082/42854/41709/41140/35701/38456/40388/37035/3355084/41020/40987/44432/42641/326255/39173/34127/41087/39241/42821/46058,77
Neurodegeneration,OSNs,Down,Activation of NF-kappaB in B cells,32/1367,48/4391,3.82E-07,3.13E-06,2.11E-06,34999/42802/36638/41531/34359/43449/36951/40639/39628/39855/40174/36018/32584/31567/45269/33105/32274/41079/40717/42805/34969/37378/37894/32047/39845/33738/42828/35701/40388/42641/41087/46058,32
Metabolic Signaling,OSNs,Down,CLEC7A (Dectin-1) signaling,43/1367,72/4391,4.18E-07,3.39E-06,2.29E-06,34999/42802/46456/36638/41531/34359/39916/43449/36951/40639/39628/37405/39855/40174/36329/36018/32584/31567/45269/33105/326237/34420/32274/41079/40717/42805/34969/37378/37894/33629/32047/39845/33738/42828/35701/38456/40388/44432/42641/33752/42465/41087/46058,43
Protein Degradation / Turnover,OSNs,Down,APC/C-mediated degradation of cell cycle proteins,45/1367,77/4391,5.39E-07,4.28E-06,2.89E-06,39340/45906/34999/42802/40232/36638/41531/34359/42753/43449/36951/40639/39628/39855/40174/41785/36018/32584/31567/45269/33105/326237/34420/32274/41079/40717/42805/37378/37894/33629/32047/39845/33738/42828/35701/38456/40388/35522/42641/42453/32751/34411/34487/46058/44118,45
Other / Miscellaneous,OSNs,Down,Regulation of mitotic cell cycle,45/1367,77/4391,5.39E-07,4.28E-06,2.89E-06,39340/45906/34999/42802/40232/36638/41531/34359/42753/43449/36951/40639/39628/39855/40174/41785/36018/32584/31567/45269/33105/326237/34420/32274/41079/40717/42805/37378/37894/33629/32047/39845/33738/42828/35701/38456/40388/35522/42641/42453/32751/34411/34487/46058/44118,45
Other / Miscellaneous,OSNs,Down,Regulation of ornithine decarboxylase (ODC),30/1367,45/4391,8.92E-07,6.94E-06,4.68E-06,34999/42802/36638/41531/34359/43449/36951/40639/39628/39855/40174/36018/32584/31567/45269/33105/32274/41079/40717/42805/37378/37894/32047/39845/33738/42828/35701/40388/42641/46058,30
Other / Miscellaneous,OSNs,Down,Orc1 removal from chromatin,40/1367,67/4391,1.08E-06,8.30E-06,5.60E-06,39340/34999/42802/36638/41531/34359/31014/43449/36951/40639/39628/39855/40174/36018/31016/32584/31567/45269/33105/326237/34420/32274/35742/41079/40717/42805/37378/37894/33629/32047/39845/33738/42828/35701/38456/40388/42641/39014/42453/46058,40
Other / Miscellaneous,OSNs,Down,M Phase,76/1367,156/4391,2.26E-06,1.73E-05,1.17E-05,3355136/45906/42524/3354896/41844/41289/3354888/40542/35336/34527/48448/34549/34999/44072/32132/42802/40232/36638/41531/34359/32630/36615/42753/35512/45959/47877/43449/36951/40639/39628/39855/40174/41785/36018/32584/31567/45269/33105/2768940/326237/33782/34420/32274/41079/40717/42853/42805/36653/37378/37894/33629/32047/39845/39879/36286/33738/42828/35701/38456/40388/44437/42641/39554/40177/32751/35933/34411/40250/32777/35577/34487/42816/38750/46058/44118/35001,76
Other / Miscellaneous,OSNs,Down,PTEN Regulation,50/1367,92/4391,2.57E-06,1.94E-05,1.31E-05,43991/48448/32169/34999/32132/38565/42802/36638/41531/34359/34433/43449/36951/40639/39628/39855/40174/36018/32584/31567/45269/33105/326237/3354925/34420/32274/41079/40717/42805/40170/117332/37378/39753/37894/33629/32047/41071/39845/33738/39958/42828/34530/35701/38456/40388/42641/39212/35524/44131/46058,50
Metabolic Signaling,OSNs,Down,Fc epsilon receptor (FCERI) signaling,47/1367,85/4391,2.70E-06,2.02E-05,1.37E-05,36497/3354888/44801/34999/42802/46456/36638/41531/34359/39916/43449/36951/40639/39628/37405/39855/40174/36329/36018/32584/31567/45269/33105/32274/41079/40717/42805/34969/38146/37378/37894/32047/39845/33203/33738/42828/3772082/41140/35701/40388/41020/42641/33752/42465/38017/41087/46058,47
Metabolic Signaling,OSNs,Down,PIP3 activates AKT signaling,67/1367,134/4391,2.91E-06,2.15E-05,1.45E-05,43991/39872/36497/3885565/64880/48448/32169/34999/32132/38565/42802/36638/41531/34359/34433/45959/43449/36951/40639/39628/39855/40174/36018/32584/31567/45269/33105/2768940/326237/3354925/34420/32274/41079/40717/42805/40170/117332/37378/39753/37894/33629/32047/41071/39845/33203/33738/39958/42828/34530/41709/35701/38456/40388/37356/36001/44432/42641/38654/37455/39212/39173/35524/44131/38017/34127/38912/46058,67
Other / Miscellaneous,OSNs,Down,Respiratory electron transport,49/1367,90/4391,3.03E-06,2.22E-05,1.50E-05,3355155/43798/41800/34374/39846/36252/5740185/44390/31578/38612/40390/35279/35491/317928/5740593/33852/32740/31762/50002/40272/37728/40995/46260/33918/41432/44228/50246/32989/34996/33744/37385/37946/33443/44207/39950/45401/33528/42591/36159/38154/39214/35100/32565/37466/31604/32936/32434/42282/34747,49
Metabolic Signaling,OSNs,Down,Downstream signaling events of B Cell Receptor (BCR),39/1367,67/4391,3.56E-06,2.59E-05,1.75E-05,34999/42802/46456/36638/37214/41531/34359/39916/43449/36951/40639/39628/37405/39855/40174/36329/36018/32584/31567/45269/33105/32274/41079/40717/42805/34969/37378/37894/32047/39845/33738/42828/35701/40388/42641/33752/42465/41087/46058,39
Metabolic Signaling,OSNs,Down,Signaling by Interleukins,65/1367,130/4391,4.10E-06,2.93E-05,1.98E-05,43775/36497/3354888/44801/34999/32358/2768679/32888/42802/36638/41531/34359/31014/42428/38613/36080/45959/43449/39583/36951/40639/39628/39855/43354/40174/36018/31016/32584/31567/45269/33105/2768940/326237/34420/32274/35742/41079/40717/42805/34969/44573/39744/37378/37894/33629/32047/39845/33203/33738/42866/42828/3772082/42854/35701/38456/40388/3355084/41020/44432/42641/39173/41087/39241/42821/46058,65
Other / Miscellaneous,OSNs,Down,CDT1 association with the CDC6:ORC:origin complex,34/1367,56/4391,4.11E-06,2.93E-05,1.98E-05,34999/42802/36638/41531/34359/43449/36951/40639/39628/39855/40174/36018/32584/31567/45269/33105/326237/34420/32274/41079/40717/42805/37378/37894/33629/32047/39845/33738/42828/35701/38456/40388/42641/46058,34
Other / Miscellaneous,OSNs,Down,Switching of origins to a post-replicative state,46/1367,84/4391,4.93E-06,3.48E-05,2.35E-05,39340/45906/34999/42802/36638/41531/34359/31014/42753/43449/36951/40639/39628/39855/40174/41785/36018/31016/32584/31567/45269/33105/326237/34420/32274/35742/41079/40717/42805/37378/37894/33629/32047/39845/33738/42828/35701/38456/40388/42641/39014/42453/32751/34487/46058/44118,46
Metabolic Signaling,OSNs,Down,TCF dependent signaling in response to WNT,53/1367,101/4391,5.26E-06,3.68E-05,2.49E-05,43791/33185/34167/43769/48448/34999/36059/32132/38565/42802/41602/36638/41531/31151/34359/31014/34896/43449/36951/40639/39628/39855/40174/43673/36018/45307/32584/31567/45269/33105/326237/34420/32274/41079/40717/42805/37378/39753/37894/33629/32047/39845/33738/43856/42828/43162/35701/38456/40388/37356/42641/31248/46058,53
Metabolic Signaling,OSNs,Down,"Signaling by Rho GTPases, Miro GTPases and RHOBTB3",101/1367,227/4391,9.58E-06,6.64E-05,4.49E-05,43803/32537/3355133/36542/35496/31521/38231/32526/32746/31838/38389/37230/38001/3354888/38879/32910/33165/32518/39561/36040/42066/3355131/31349/41441/34225/36059/37368/44885/44679/246497/34030/34793/35311/5740235/44205/31151/41852/31166/40179/31474/41853/42889/34896/38534/42186/43749/36775/32981/33781/43781/36683/36080/32425/41054/32623/40462/38831/48632/31554/43323/42841/31945/32548/33782/44448/43974/40158/32522/36915/37893/37858/38146/38646/41749/43587/33346/35158/32573/33203/34485/37006/42745/44289/35950/40249/36726/3355084/35554/39258/38898/32752/31581/32437/32948/38937/38017/45683/43916/35340/38912/40608,101
Metabolic Signaling,OSNs,Down,Signaling by Receptor Tyrosine Kinases,90/1367,198/4391,1.06E-05,7.26E-05,4.90E-05,34823/32537/3355143/31521/43775/39872/40517/36497/33211/38389/44307/3354888/42216/64880/44013/36717/45247/42964/2768679/40389/36059/37368/32888/246497/32955/45012/34284/32569/31151/40679/35215/42428/39916/34433/36775/32981/35944/42341/45959/41550/40462/36731/37405/48632/34997/31342/42848/36329/43442/39198/2768940/326237/34420/42525/44573/38146/40221/32987/42549/33629/38244/33203/42866/38846/39958/41140/38456/44672/41601/36826/44409/39258/41431/44115/37455/44702/47220/41138/33752/42465/37851/40260/38017/36788/34127/43916/35340/38912/39241/38424,90
Metabolic Signaling,OSNs,Down,Intracellular signaling by second messengers,80/1367,172/4391,1.17E-05,7.88E-05,5.32E-05,43991/3355134/39872/36497/3885565/64880/48448/32169/34999/32132/38565/42802/35419/36041/34284/36638/41531/34359/39916/34433/45959/43449/36951/40639/39628/37405/39855/40174/36329/36018/32584/31567/45269/33105/2768940/326237/3354925/34420/32274/3355013/41079/40717/42805/40170/40305/117332/37378/39753/37894/33629/32047/41071/39845/33203/33738/40180/39958/42828/34530/41709/35701/38456/40388/37356/36001/44432/42641/38654/53427/37455/39212/39173/33752/42465/35524/44131/38017/34127/38912/46058,80
Other / Miscellaneous,OSNs,Down,Formation of ATP by chemiosmotic coupling,13/1367,15/4391,1.32E-05,8.79E-05,5.94E-05,43829/37617/43507/43693/41845/39143/31950/42759/42291/44046/37931/46069/41745,13
Other / Miscellaneous,OSNs,Down,Cristae formation,13/1367,15/4391,1.32E-05,8.79E-05,5.94E-05,43829/37617/43507/43693/41845/39143/31950/42759/42291/44046/37931/46069/41745,13
Metabolic Signaling,OSNs,Down,Signaling by the B Cell Receptor (BCR),42/1367,77/4391,1.45E-05,9.56E-05,6.46E-05,36497/34999/42802/46456/36638/32556/37214/41531/34359/39916/43449/36951/40639/39628/37405/39855/40174/36329/36018/32584/31567/45269/33105/32274/41079/40717/42805/34969/37378/37894/32047/39845/33203/33738/42828/35701/40388/42641/33752/42465/41087/46058,42
Other / Miscellaneous,OSNs,Down,Assembly of the pre-replicative complex,36/1367,63/4391,1.51E-05,9.82E-05,6.63E-05,34999/42802/36638/41531/34359/43449/36951/40639/39628/39855/40174/36018/32584/31567/45269/33105/326237/34420/32274/41079/40717/42550/42805/37378/37894/33629/32047/39845/33738/42828/35701/38456/40388/42641/39014/46058,36
Metabolic Signaling,OSNs,Down,MAPK family signaling cascades,79/1367,171/4391,1.80E-05,1.16E-04,7.86E-05,31521/38231/39872/32746/36497/36363/38434/3354888/34167/64880/38418/34999/32661/2768679/36059/37368/43828/49779/42802/37522/36638/41531/31201/34359/39916/32981/38978/45959/43449/36951/40639/53554/39628/37405/48632/39855/40174/34196/36329/36018/32584/31567/45269/32551/33105/2768940/246525/326237/34420/32274/41079/40717/42805/38146/5740294/37378/37894/33629/32047/38244/39845/33203/33738/42866/42828/41709/41140/35701/38456/40388/44817/42641/44115/37455/33752/42465/34411/34127/46058,79
Other / Miscellaneous,OSNs,Down,RUNX1 regulates transcription of genes involved in differentiation of HSCs,37/1367,66/4391,2.07E-05,1.32E-04,8.91E-05,34999/41737/42802/36638/41531/34359/34395/43449/36951/40639/39628/39855/40174/36018/32584/31567/45269/33105/326237/34420/32274/41079/40717/42805/37378/37894/33629/32047/39845/33738/42828/35701/38456/40388/42641/37851/46058,37
Other / Miscellaneous,OSNs,Down,ABC-family proteins mediated transport,49/1367,96/4391,3.16E-05,1.98E-04,1.33E-04,36040/34999/34686/42802/32617/36638/41531/34359/34140/33171/43449/41843/36951/40639/39628/39855/40174/36018/32584/34619/31567/45269/39433/33105/326237/34420/32274/41079/40717/42805/34148/42976/37378/37894/33629/32047/39845/33738/42828/35701/38456/40388/42641/35366/41387/41925/33369/46058/42806,49
Other / Miscellaneous,OSNs,Down,C-type lectin receptors (CLRs),52/1367,105/4391,5.26E-05,3.27E-04,0.00022071,3772015/34999/42802/46456/34284/36638/41531/34359/39916/43449/36951/40639/39628/37405/39855/40174/36329/36018/32584/31567/45269/33105/326237/34420/32274/41079/40717/42805/34969/37378/37894/33629/32047/39845/33738/43856/42828/41140/35701/38456/40388/36089/44432/42641/53516/33752/42465/12798556/14462692/41087/39241/46058,52
Immunity / Inflammation,OSNs,Down,Neutrophil degranulation,174/1367,444/4391,8.80E-05,5.42E-04,3.66E-04,46243/35422/34045/3355143/36542/38580/36271/38231/40236/40117/34082/3772015/35886/31838/33211/36060/38434/38389/34355/40235/44307/32821/3354888/41840/36588/42216/35336/38850/117294/43739/36040/32057/42490/38645/35882/38370/49807/44071/42964/32661/41864/44631/34264/33626/44885/33418/32132/43002/42802/38128/34963/35146/37850/36638/37481/41531/44010/31151/31405/32098/31201/35248/38528/39916/40459/36775/44887/36080/41076/45815/32623/31899/32820/43449/40462/36951/36383/39628/37405/39855/40174/35939/44291/36329/43442/34137/40078/34636/32510/41232/31849/33836/317887/42841/246525/32548/32115/49804/40048/44920/44448/34979/41104/43183/34044/40717/32470/42805/45826/41566/43662/37893/38146/45233/35368/34981/35862/37894/41248/38244/38490/39402/32352/33738/37441/33528/38866/45875/41140/34937/35701/33025/32865/48445/32124/26067068/3355084/41710/36992/42641/35554/53516/38011/31926/40524/40234/44702/48582/37141/33752/42465/40961/35411/35779/35524/12798556/40260/32006/41161/34772/49806/34840/14462692/45268/35774/39858/43916/35923/35340/41087/33277/38750/42576/37888,174
Other / Miscellaneous,OSNs,Down,RHO GTPase cycle,80/1367,182/4391,1.36E-04,8.34E-04,5.63E-04,43803/32537/3355133/36542/35496/31521/38231/32526/32746/31838/38389/37230/38879/32910/33165/32518/39561/36040/3355131/31349/41441/34225/37368/44885/44679/246497/34030/5740235/44205/31151/41852/31166/40179/41853/42889/34896/38534/43749/36775/32981/33781/43781/36683/36080/32425/41054/40462/38831/48632/42841/31945/32548/33782/44448/43974/40158/32522/36915/37893/37858/38146/38646/41749/33346/35158/32573/33203/37006/35950/40249/36726/3355084/35554/39258/32752/32948/38937/43916/35340/40608,80
Other / Miscellaneous,OSNs,Down,Cell junction organization,23/1367,38/4391,1.63E-04,9.88E-04,6.67E-04,317824/3355143/36542/31521/40517/42066/37368/44885/31151/31166/34774/35215/40999/38723/34068/48632/45320/35368/36692/32990/39118/32275/53573,23
Metabolic Signaling,OSNs,Down,Insulin receptor recycling,16/1367,23/4391,1.64E-04,9.88E-04,6.67E-04,44307/42216/45247/40389/45012/40679/35944/42341/41550/36731/34997/31342/43442/42549/36826/44702,16
Other / Miscellaneous,OSNs,Down,Synthesis of active ubiquitin,17/1367,26/4391,3.24E-04,0.001931858,0.001304631,32169/35998/3355079/43749/41785/326237/34420/40610/33629/31214/38456/37035/33397/31728/32751/34487/44118,17
Mitochondrial Function & Energy Metabolism,OSNs,Down,Mitochondrial biogenesis,15/1367,23/4391,7.67E-04,0.004407999,0.002976831,43829/42832/37617/43507/43693/41845/39143/31950/42759/42291/44046/37931/46069/36878/41745,15
Other / Miscellaneous,OSNs,Down,Cooperation of PDCL (PhLP1) and TRiC/CCT in G-protein beta folding,14/1367,21/4391,8.36E-04,0.004766093,0.00321866,36308/31838/34674/42649/48448/32518/35882/42029/32132/32544/41054/35881/45234/36384,14
Metabolic Signaling,OSNs,Down,Spry regulation of FGF signaling,10/1367,13/4391,8.90E-04,0.005037408,0.003401886,36497/3354888/45959/2768940/326237/34420/33629/38456/44672/38424,10
Other / Miscellaneous,OSNs,Down,Hippo/Warts pathway,12/1367,17/4391,9.31E-04,0.005196668,0.003509438,32536/41273/34405/36059/42186/33245/43673/33218/35430/39753/37851/33627,12
Other / Miscellaneous,OSNs,Down,N-glycan trimming in the ER and Calnexin/Calreticulin cycle,12/1367,17/4391,9.31E-04,0.005196668,0.003509438,43785/36040/36270/44643/326237/34420/41166/33629/42828/38456/35527/33369,12
Other / Miscellaneous,OSNs,Down,Axon guidance,51/1367,113/4391,0.001070177,0.0058833,0.003973138,43799/43803/32537/43832/43770/31521/38231/32746/36497/36363/33211/38389/43766/3354888/44801/38418/31816/42964/2768679/40553/45928/37368/37007/34793/35311/32569/36775/36846/32981/38978/34068/32623/48632/31554/31017/42525/36915/38146/40221/32987/42866/41140/37455/38898/37447/40260/36377/43916/39241/31248/40608,51
Other / Miscellaneous,OSNs,Down,Cell Cycle Checkpoints,51/1367,113/4391,0.001070177,0.0058833,0.003973138,39340/34993/45906/34999/36059/42802/36638/41531/34359/42186/42753/40598/43449/36951/40639/39628/39855/40174/41785/36018/32584/31567/45269/33105/326237/34420/32274/41079/40717/34974/42805/37378/37894/33629/32047/39845/33738/42828/35701/38456/40388/35522/36001/42641/39014/42453/32751/34411/34487/46058/44118,51
Protein Synthesis / Translation,OSNs,Down,DNA Replication Pre-Initiation,38/1367,79/4391,0.001077332,0.0058833,0.003973138,34999/42802/36638/41531/34359/43449/36951/40639/39628/39855/40174/36018/32584/31567/45269/33105/326237/34420/32274/41079/40717/34974/42550/42805/37378/37894/33629/32047/39845/33738/42828/35701/38456/40388/42641/39014/42453/46058,38
Other / Miscellaneous,OSNs,Down,Iron uptake and transport,26/1367,49/4391,0.00108962,0.005908503,0.003990158,44307/32821/42216/45247/42490/40389/45012/40679/35151/35944/42341/41550/36731/34997/31342/43442/31016/326237/34420/35742/33629/318681/38456/36826/44702/246552,26
Other / Miscellaneous,OSNs,Down,Complex I biogenesis,27/1367,52/4391,0.001353235,0.007286649,0.004920854,3355155/43798/31578/5740593/33852/32740/31762/40272/46260/44228/33744/37385/37946/33443/44207/33528/42591/36159/38154/39214/32565/37466/31604/32936/32434/42282/34747,27
Other / Miscellaneous,OSNs,Down,ROS and RNS production in phagocytes,15/1367,24/4391,0.001460946,0.00770499,0.00520337,44307/42216/45247/42490/40389/45012/40679/42341/41550/36731/34997/31342/43442/36826/44702,15
Other / Miscellaneous,OSNs,Down,Citric acid cycle (TCA cycle),15/1367,24/4391,0.001460946,0.00770499,0.00520337,41067/44149/42185/31605/37228/32940/35590/38447/42505/43936/42586/47173/41340/44001/42808,15
Other / Miscellaneous,OSNs,Down,Transferrin endocytosis and recycling,15/1367,24/4391,0.001460946,0.00770499,0.00520337,44307/42216/45247/40389/45012/40679/35944/42341/41550/36731/34997/31342/43442/36826/44702,15
Other / Miscellaneous,OSNs,Down,trans-Golgi Network Vesicle Budding,24/1367,45/4391,0.001531746,0.00802343,0.00541842,42835/32537/39450/45928/33418/36015/39423/36080/53554/41094/40863/36337/40221/32987/31842/30998/34126/2768881/42632/32124/39329/31381/38651/40527,24
Other / Miscellaneous,OSNs,Down,RHO GTPase Effectors,30/1367,60/4391,0.001643395,0.008437249,0.005697883,31521/38001/3354888/39561/42066/36059/37368/246497/34793/35311/31474/42186/36775/32981/32623/40462/48632/31554/43323/38146/43587/34485/44289/35950/39258/38898/38017/43916/35340/38912,30
Other / Miscellaneous,OSNs,Down,Chaperonin-mediated protein folding,14/1367,22/4391,0.00164362,0.008437249,0.005697883,36308/31838/34674/42649/48448/32518/35882/42029/32132/32544/41054/35881/45234/36384,14
Other / Miscellaneous,OSNs,Down,Protein folding,14/1367,22/4391,0.00164362,0.008437249,0.005697883,36308/31838/34674/42649/48448/32518/35882/42029/32132/32544/41054/35881/45234/36384,14
Metabolic Signaling,OSNs,Down,EPH-Ephrin signaling,25/1367,48/4391,0.00191083,0.009679863,0.006537051,43799/43803/32537/31521/33211/42964/45928/37368/34793/35311/32569/36775/32981/32623/48632/31554/42525/38146/40221/32987/41140/38898/37447/40260/43916,25
Other / Miscellaneous,OSNs,Down,Golgi Associated Vesicle Biogenesis,20/1367,36/4391,0.001956983,0.009848867,0.006651183,42835/32537/39450/45928/33418/36015/36080/53554/41094/40863/40221/32987/31842/30998/34126/2768881/42632/39329/31381/40527,20
Other / Miscellaneous,OSNs,Down,"WNT5A-dependent internalization of FZD2, FZD5 and ROR2",8/1367,Oct-91,0.00205783,0.010289152,0.006948518,32537/33211/34367/45307/42525/40221/32987/40090,8
Other / Miscellaneous,OSNs,Down,Nervous system development,51/1367,116/4391,0.002167018,0.010765186,0.007269995,43799/43803/32537/43832/43770/31521/38231/32746/36497/36363/33211/38389/43766/3354888/44801/38418/31816/42964/2768679/40553/45928/37368/37007/34793/35311/32569/36775/36846/32981/38978/34068/32623/48632/31554/31017/42525/36915/38146/40221/32987/42866/41140/37455/38898/37447/40260/36377/43916/39241/31248/40608,51
Other / Miscellaneous,OSNs,Down,Laminin interactions,9/1367,Dec-91,0.002234781,0.011000888,0.007429171,32661/44885/38723/34068/45320/35368/36692/39118/32275,9
Protein Degradation / Turnover,OSNs,Down,"Recruitment of the 'destruction complex' to the receptor complex, the degradation of AXN and release of ARM",10/1367,14/4391,0.002245688,0.011000888,0.007429171,31151/49701/45959/47877/43673/45307/32221/2768940/40090/31248,10
Other / Miscellaneous,OSNs,Down,Cell-Cell communication,24/1367,46/4391,0.002271612,0.011000888,0.007429171,317824/3355143/36542/31521/40517/42066/37368/44885/31151/31166/34774/35215/40999/38723/34068/48632/33619/45320/35368/36692/32990/39118/32275/53573,24
Other / Miscellaneous,OSNs,Down,Programmed Cell Death,24/1367,46/4391,0.002271612,0.011000888,0.007429171,3355143/36542/38231/38389/37230/35336/117294/37481/31151/36615/34734/40171/31017/326237/33782/34420/39753/34996/33629/38456/38096/39173/36377/43916,24
Mitochondrial Function & Energy Metabolism,OSNs,Down,Gluconeogenesis,15/1367,25/4391,0.00261062,0.012485572,0.008431815,32545/33373/35728/35886/33461/42185/34414/43582/33351/36782/43183/43483/3772221/37427/41640,15
Other / Miscellaneous,OSNs,Down,Neddylation,58/1367,136/4391,0.002643001,0.012562415,0.008483708,35780/49077/34999/34225/42802/36638/41611/41531/35420/35151/34359/31014/34896/35478/43449/33131/36951/40639/39628/39855/40174/41785/36018/31016/32584/31567/45269/33105/326237/32111/34420/32274/35742/41079/40717/42805/37378/37894/43580/33629/32047/39845/33738/40308/42828/35701/38456/40388/42435/38916/42641/36986/42000/3885643/37237/33397/39685/46058,58
Other / Miscellaneous,OSNs,Down,Golgi-to-ER retrograde transport,42/1367,93/4391,0.002829132,0.013364613,0.009025453,40848/38580/37238/34422/42524/41183/53561/32057/32140/41864/34427/38135/36791/31405/35051/39862/45757/42996/326151/32820/40233/33556/34636/37842/38199/41177/31382/36810/32049/36337/41566/31030/33346/43717/45250/37387/40904/44160/39820/39445/36876/37888,42
Other / Miscellaneous,OSNs,Down,Imd pathway,14/1367,23/4391,0.003007086,0.014118633,0.009534661,44801/117294/32358/38565/42428/38613/39063/34420/32534/33629/3772082/38456/44432/41087,14
Other / Miscellaneous,OSNs,Down,Mitotic G1 phase and G1/S transition,48/1367,110/4391,0.003471503,0.016102757,0.010874589,39340/34999/38565/42802/36638/41531/34359/36854/45959/47877/43449/36951/40639/39628/39855/40174/36018/31016/32584/31567/45269/32551/33105/2768940/326237/34420/32274/35742/41079/40717/34974/42805/37378/37894/33629/32047/39845/33738/42828/35701/38456/40388/36461/36001/42641/39014/42453/46058,48
Other / Miscellaneous,OSNs,Down,Phosphorylation of SMO,12/1367,19/4391,0.003912135,0.017879491,0.012074462,43767/33196/48448/32132/31151/45959/47877/43673/32221/2768940/246638/31248,12
Other / Miscellaneous,OSNs,Down,Activation of SMO,12/1367,19/4391,0.003912135,0.017879491,0.012074462,43767/33196/48448/32132/31151/45959/47877/43673/32221/2768940/246638/31248,12
Other / Miscellaneous,OSNs,Down,Pyruvate metabolism and Citric Acid (TCA) cycle,23/1367,45/4391,0.0039242,0.017879491,0.012074462,41067/45880/44149/42185/34500/31605/37228/32940/35590/38447/42505/43936/42586/47173/35156/43437/35970/41133/41340/39999/44001/31184/42808,23
Other / Miscellaneous,OSNs,Down,Ion transport by P-type ATPases,18/1367,33/4391,0.004263137,0.019309503,0.013040184,317815/33952/2768929/49297/43828/43787/33953/34546/39916/48971/35408/37405/36329/34736/33752/42465/5740846/40495,18
Other / Miscellaneous,OSNs,Down,Downregulation of SMAD2/3:SMAD4 transcriptional activity,10/1367,15/4391,0.004865298,0.021908065,0.014795057,43749/43481/31738/41785/326237/34420/33629/39958/38456/5740414,10
Other / Miscellaneous,OSNs,Down,COPI-dependent Golgi-to-ER retrograde traffic,29/1367,61/4391,0.005034063,0.022536213,0.01521926,40848/37238/34422/42524/41183/53561/32140/41864/34427/38135/39862/45757/42996/32820/40233/37842/38199/41177/31382/36810/32049/36337/31030/43717/45250/40904/39445/36876/37888,29
Other / Miscellaneous,OSNs,Down,EPH-ephrin mediated repulsion of cells,14/1367,24/4391,0.005171681,0.023018463,0.015544936,43799/43803/32537/31521/33211/42964/45928/37368/48632/42525/38146/40221/32987/40260,14
Other / Miscellaneous,OSNs,Down,Type I hemidesmosome assembly,9/1367,13/4391,0.00526116,0.023149104,0.015633161,36542/44885/38723/34068/45320/35368/36692/39118/32275,9
Other / Miscellaneous,OSNs,Down,RHO GTPases activate PKNs,9/1367,13/4391,0.00526116,0.023149104,0.015633161,36059/42186/36775/38146/34485/44289/35950/38017/38912,9
Metabolic Signaling,OSNs,Down,EPHB-mediated forward signaling,16/1367,29/4391,0.005997472,0.02623894,0.017719804,43799/43803/31521/37368/34793/35311/32569/36775/32981/32623/48632/38146/41140/38898/37447/43916,16
Other / Miscellaneous,OSNs,Down,Synthesis of DNA,47/1367,110/4391,0.006193637,0.02694407,0.018195995,39340/45906/34999/42802/36638/41531/34359/31014/42753/43449/36951/40639/39628/39855/40174/41785/36018/31016/32584/31567/45269/33105/326237/34420/32274/35742/41079/40717/42805/37378/37894/33629/32047/39845/33738/37290/42828/35701/38456/40388/42641/39014/42453/32751/34487/46058/44118,47
Other / Miscellaneous,OSNs,Down,Clathrin-mediated endocytosis,45/1367,105/4391,0.006840427,0.029428637,0.019873885,32537/31521/36497/39450/33211/41840/49077/34225/45928/37368/33418/34793/35311/36015/35151/38534/36080/32623/53554/36383/48632/326237/40863/34420/32977/33219/42525/34148/40221/32987/33629/8674055/2768881/40308/38846/38456/39329/42000/35366/37455/38898/35154/40527/33263/41387,45
Cell Structure / Adhesion / ECM,OSNs,Down,Cell-extracellular matrix interactions,12/1367,20/4391,0.007036734,0.029935276,0.020216031,317824/31521/42066/37368/44885/31166/34774/35215/40999/48632/32990/53573,12
Other / Miscellaneous,OSNs,Down,Assembly of the CI containing complexes,11/1367,18/4391,0.008153944,0.033938038,0.022919194,43767/48448/32132/34284/45959/47877/43673/32221/2768940/246638/31248,11
Metabolic Signaling,OSNs,Down,Negative regulation of FGFR4 signaling,11/1367,18/4391,0.008153944,0.033938038,0.022919194,39872/36497/3354888/45959/2768940/326237/34420/33629/38456/44672/38424,11
Neurodegeneration,OSNs,Down,PINK1-PRKN Mediated Mitophagy,10/1367,16/4391,0.009383466,0.0386378,0.02609306,40279/31666/34500/326237/34420/33629/42745/38456/31581/39383,10
Metabolic Signaling,OSNs,Down,p75 NTR receptor-mediated signalling,18/1367,35/4391,0.009502119,0.038712339,0.026143398,37272/35496/38879/33721/44801/3355131/37548/5740235/40179/36775/326237/34420/34969/36915/38146/33629/38456/41087,18
Metabolic Signaling,OSNs,Down,Death Receptor Signalling,18/1367,35/4391,0.009502119,0.038712339,0.026143398,37272/35496/38879/33721/44801/3355131/37548/5740235/40179/36775/326237/34420/34969/36915/38146/33629/38456/41087,18
Metabolic Signaling,OSNs,Down,Signalling to ERKs,9/1367,14/4391,0.01068901,0.042645273,0.028799405,36497/3354888/2768679/36059/44573/38244/42866/41140/44115,9
Other / Miscellaneous,OSNs,Down,Regulated Necrosis,9/1367,14/4391,0.01068901,0.042645273,0.028799405,38389/117294/37481/326237/34420/39753/34996/33629/38456,9
Immunity / Inflammation,OSNs,Down,Adaptive Immune System,109/1367,292/4391,0.011464413,0.045503083,0.030729355,34494/46243/43991/38151/45906/36497/34378/43810/38726/42095/34999/32358/32661/36059/44885/40127/42802/35998/46456/40596/34284/36638/3355079/32556/37214/41531/35420/34359/31014/41650/34896/35478/39916/38613/34433/42753/32981/45959/326174/43449/36951/40639/39628/37405/39855/40174/36444/41785/36329/36018/38725/32687/31016/32510/32584/31567/45269/33105/2768940/326237/32111/34420/32274/35742/41079/40717/42805/34969/40610/38146/37378/37894/33629/32047/38244/39845/33203/33738/38873/31776/39958/42828/30984/31214/35701/38456/40388/34032/37035/42435/38916/42641/36986/37237/31728/32751/37141/37695/33752/42465/44131/38017/34487/45268/40725/41087/46058/42557/44118,109
Other / Miscellaneous,OSNs,Down,ISG15 antiviral mechanism,8/1367,Dec-91,0.011986446,0.047331096,0.031963857,38151/43839/33835/45525/32796/37035/40987/326255,8
Other / Miscellaneous,OSNs,Up,Amine ligand-binding receptors,9/651,Oct-91,2.87E-07,1.90E-04,1.83E-04,42452/31626/43669/37892/37196/33007/37191/43182/41726,9
Other / Miscellaneous,OSNs,Up,Class A/1 (Rhodopsin-like receptors),23/651,56/4391,1.47E-06,4.71E-04,4.52E-04,41889/42452/41221/31626/43669/43642/5740505/37892/31169/43098/35639/45908/37196/42133/49808/33007/37191/43182/39152/34339/39389/41726/40019,23
Metabolic Signaling,OSNs,Up,GPCR downstream signalling,48/651,170/4391,3.21E-06,5.11E-04,4.91E-04,41889/42452/33812/41221/42530/41639/31626/43892/32874/31744/43669/43642/43542/40148/36003/34991/43644/5740505/37892/39835/31169/32674/35535/43098/35639/45908/38050/37196/34594/42133/38284/41713/49808/35738/33007/37191/37004/5740362/35237/43182/39152/53426/34339/39389/41726/33942/40019/41638,48
Other / Miscellaneous,OSNs,Up,Cilium Assembly,25/651,72/4391,1.83E-05,0.001739473,0.001671086,38282/42159/38780/34702/36806/41124/37439/33230/34262/35114/33142/33217/38957/33472/39760/38219/35349/36167/33917/41739/33412/39389/34651/40019/40600,25
Other / Miscellaneous,OSNs,Up,Neuronal System,47/651,179/4391,3.37E-05,0.002793018,0.00268321,31867/318064/38337/37895/37854/40198/40665/42374/31107/31744/31767/40912/5740840/40148/39730/42377/44484/32020/43644/39984/42918/39835/31997/33962/42919/31419/42473/38050/36616/40065/38284/50391/42249/31955/32428/42471/40590/53426/40891/38616/37275/40129/33683/36574/43690/43703/41671,47
Other / Miscellaneous,OSNs,Up,Intraflagellar transport,15/651,35/4391,5.63E-05,0.00415467,0.003991328,38282/42159/34702/41124/33230/34262/35114/33142/38957/39760/38219/35349/33917/41739/33412,15
Metabolic Signaling,OSNs,Up,G alpha (s) signalling events,13/651,28/4391,6.45E-05,0.004282237,0.004113881,31626/31744/43669/40148/5740505/31169/43098/34594/42133/43182/39152/41726/33942,13
Other / Miscellaneous,OSNs,Up,Synthesis of PA,21/651,61/4391,9.86E-05,0.005052873,0.004854218,33064/37540/41135/31938/43461/36895/33244/32496/32339/31925/32230/43086/31939/43671/35218/31532/39515/37539/34609/37672/31775,21
Other / Miscellaneous,OSNs,Up,Complement cascade,15/651,37/4391,1.22E-04,0.005052873,0.004854218,38825/35908/35906/35905/35902/31504/41958/36410/35949/35904/35691/31506/35238/32693/31503,15
Other / Miscellaneous,OSNs,Up,NCAM1 interactions,7/651,Oct-91,1.22E-04,0.005052873,0.004854218,33125/3346207/43417/34231/318958/31322/33793,7
Other / Miscellaneous,OSNs,Up,Stimuli-sensing channels,19/651,55/4391,2.00E-04,0.007810814,0.007503731,31621/246504/37286/42310/45338/43324/318575/43542/36003/34991/37566/37498/33886/38562/33887/43702/39015/39362/43487,19
Other / Miscellaneous,OSNs,Up,Organic cation/anion/zwitterion transport,13/651,31/4391,2.31E-04,0.008518284,0.008183386,33059/42374/33051/38689/31883/4379817/42377/41790/40437/42890/40441/40590/37275,13
Metabolism: Lipids & Miscellaneous,OSNs,Up,Digestion of dietary lipid,12/651,28/4391,3.15E-04,0.010471846,0.010060144,37854/34460/37877/40912/34463/43973/41557/33962/33559/41643/43980/59241,12
Other / Miscellaneous,OSNs,Up,Transmission across Chemical Synapses,37/651,145/4391,4.29E-04,0.013558071,0.013025034,31867/318064/38337/37895/40198/40665/42374/31107/31744/31767/40148/39730/42377/44484/43644/39984/42918/39835/31997/42919/31419/42473/38050/36616/40065/38284/50391/42249/42471/40590/53426/40891/38616/37275/33683/36574/43703,37
Other / Miscellaneous,OSNs,Up,cargo-targeting to cilium,7/651,Dec-91,6.12E-04,0.018461811,0.017735982,38780/37439/33217/36167/39389/40019/40600,7
Synaptic Signaling ,OSNs,Up,Neurotransmitter synaptic receptor signaling ,26/651,95/4391,0.001001468,0.027707286,0.026617969,31867/40198/40665/31107/31744/31767/40148/39730/44484/43644/39984/42918/39835/42919/31419/42473/38050/40065/38284/50391/42471/53426/40891/38616/33683/43703,26
Other / Miscellaneous,OSNs,Up,Organelle biogenesis and maintenance,26/651,95/4391,0.001001468,0.027707286,0.026617969,38282/42159/38780/34702/36806/41124/38055/37439/33230/34262/35114/33142/33217/38957/33472/39760/38219/35349/36167/33917/41739/33412/39389/34651/40019/40600,26
Metabolism: Lipids & Miscellaneous,OSNs,Up,Glycerophospholipid biosynthesis,29/651,112/4391,0.001373963,0.036492451,0.035057745,33064/37540/41135/31938/43461/36895/33244/32496/32339/31402/31925/32230/32261/40200/32964/43086/36616/31939/43671/35218/31532/39515/43492/37539/42249/34609/37672/31775/35930,29
Other / Miscellaneous,OSNs,Up,SLC-mediated transmembrane transport,41/651,176/4391,0.001555289,0.039719698,0.038158111,37772/33927/35580/33059/42374/33051/38689/31883/117368/35579/39461/35915/32695/32008/4379817/42377/42036/35370/326229/41790/40437/45883/40728/34509/37157/36994/42890/45248/37657/40441/34390/35914/40590/34662/37275/36574/34660/32472/40727/36391/35827,41
Other / Miscellaneous,OSNs,Up,Keratinization,10/651,25/4391,0.001894331,0.044922708,0.043156565,34460/37877/34463/43973/41557/33559/41643/43980/59241/37552,10
Other / Miscellaneous,OSNs,Up,Formation of the cornified envelope,10/651,25/4391,0.001894331,0.044922708,0.043156565,34460/37877/34463/43973/41557/33559/41643/43980/59241/37552,10
