gene_symbol,log2FC_OSNs,padj_OSNs,log2FC_Fatbody,padj_Fatbody,reg_OSNs,reg_Fatbody,regulation_pattern
CG17105,-3.194444876,4.27E-24,-2.467265852,1.21E-12,Down,Down,Down.Down
CG15404,-2.988586925,2.55E-16,-4.883277996,3.85E-06,Down,Down,Down.Down
Sgs5bis,-3.141545799,1.75E-15,-7.036609589,3.49E-06,Down,Down,Down.Down
CG31698,-3.027019009,1.14E-12,-4.674927965,0.003279847,Down,Down,Down.Down
CG7606,-2.566986948,1.09E-11,-5.985103079,5.37E-08,Down,Down,Down.Down
GstE7,-1.648011021,5.18E-11,-1.735709077,7.09E-10,Down,Down,Down.Down
CG42500,-2.392958501,2.32E-10,-1.586166181,4.85E-06,Down,Down,Down.Down
Cyp9f3,-1.65088409,2.48E-10,-1.062661466,0.037628955,Down,Down,Down.Down
CG11300,-2.277951262,1.52E-09,2.412169624,1.40E-05,Down,Up,Down.Up
sturkopf,-1.267098916,4.20E-09,-0.856196084,0.005633905,Down,Down,Down.Down
CG18649,-2.063990853,1.01E-08,3.305944956,0.001015503,Down,Up,Down.Up
CG12310,-2.230024966,1.14E-08,-3.132564086,2.75E-05,Down,Down,Down.Down
GstD1,-1.702355807,4.16E-08,-1.883611715,2.92E-14,Down,Down,Down.Down
CG31886,-1.326642533,2.09E-07,2.394348141,0.042964524,Down,Up,Down.Up
CG15784,-1.362120407,3.07E-07,1.110424658,6.80E-05,Down,Up,Down.Up
Lcp2,-1.6955072,3.46E-07,-1.41802961,3.57E-04,Down,Down,Down.Down
ND-AGGG,-1.387181855,7.32E-07,-1.860112815,7.34E-04,Down,Down,Down.Down
GstD9,-1.203468322,7.37E-07,-3.374906194,1.40E-16,Down,Down,Down.Down
CG31370,-1.685115465,7.70E-07,1.103755411,0.00560636,Down,Up,Down.Up
Acly,-1.146195733,8.30E-07,-0.924963304,2.90E-04,Down,Down,Down.Down
Tsp42Eg,-1.501115209,8.88E-07,5.724947422,1.10E-36,Down,Up,Down.Up
CYLD,-1.171114606,8.90E-07,1.118753517,0.011586411,Down,Up,Down.Up
Zyx,-1.302829181,9.19E-07,0.822260976,0.023716267,Down,Up,Down.Up
w,0.99406323,9.58E-07,0.831347145,0.013488302,Up,Up,Up.Up
CG42239,-1.533135737,9.78E-07,-1.762762543,4.35E-06,Down,Down,Down.Down
CG9782,-1.415585715,1.06E-06,-1.2135189,0.002750889,Down,Down,Down.Down
CG17107,-1.799581744,1.53E-06,-1.370035438,0.012804173,Down,Down,Down.Down
CG9512,-0.927042966,2.33E-06,-1.270707284,0.001534567,Down,Down,Down.Down
alphaTub84B,-1.501557277,3.19E-06,-0.742352612,8.82E-04,Down,Down,Down.Down
cni,-1.485310752,3.20E-06,-1.078764679,5.57E-04,Down,Down,Down.Down
Gfat1,-1.339375879,4.15E-06,-0.935433515,0.01328268,Down,Down,Down.Down
Toll-7,-0.770547135,5.59E-06,-0.766693085,0.02220151,Down,Down,Down.Down
CG17486,-1.288473763,5.64E-06,1.439147949,2.30E-04,Down,Up,Down.Up
Gapdh2,-1.597009627,5.83E-06,-1.196998684,3.68E-06,Down,Down,Down.Down
ScsbetaA,-1.265322378,6.12E-06,1.359508614,1.11E-09,Down,Up,Down.Up
Dcr-2,-1.039928568,6.35E-06,1.44007994,1.43E-08,Down,Up,Down.Up
Usp14,-0.992905516,6.75E-06,0.727887874,0.014341766,Down,Up,Down.Up
grp,-0.777527901,6.79E-06,-0.686522372,0.02952501,Down,Down,Down.Down
Got2,-1.20282113,7.92E-06,-1.379661708,1.70E-10,Down,Down,Down.Down
CG14780,0.952990496,8.01E-06,2.077962814,0.018614029,Up,Up,Up.Up
CG9812,-1.171288159,8.66E-06,1.5697919,0.042945776,Down,Up,Down.Up
RpL22,-1.525003078,1.02E-05,0.58433221,0.04270949,Down,Up,Down.Up
PH4alphaPV,-1.249083242,1.07E-05,4.961612379,1.27E-13,Down,Up,Down.Up
Mal-A6,-1.033071714,1.07E-05,-2.297969816,3.94E-18,Down,Down,Down.Down
Pxd,-1.28458354,1.07E-05,-2.261509646,2.74E-04,Down,Down,Down.Down
RpL4,-1.497239146,1.10E-05,0.700508101,0.002614459,Down,Up,Down.Up
ytr,-1.301707952,1.22E-05,0.975039222,0.003372463,Down,Up,Down.Up
CG15083,-1.572062647,1.34E-05,-0.988749975,0.007683848,Down,Down,Down.Down
Mhc,-1.692117611,1.48E-05,-1.175837666,6.93E-04,Down,Down,Down.Down
shot,-1.098597677,1.49E-05,1.277192932,2.81E-07,Down,Up,Down.Up
Cals,-1.306163518,1.60E-05,0.862717142,0.001352016,Down,Up,Down.Up
Cyp4p1,-1.189459949,1.69E-05,0.962791726,0.001578215,Down,Up,Down.Up
Npc1a,-1.147821043,1.90E-05,0.77729166,0.011218515,Down,Up,Down.Up
Lcp4,-1.538285097,1.96E-05,-2.099781894,0.008181525,Down,Down,Down.Down
Taldo,-1.102702261,1.96E-05,-1.128080093,2.08E-05,Down,Down,Down.Down
eEF1alpha1,-1.535135176,1.96E-05,0.675035687,0.002385775,Down,Up,Down.Up
CG12715,-1.667102748,2.00E-05,-3.321812161,3.44E-15,Down,Down,Down.Down
Aldh,-1.229089743,2.04E-05,-0.845318205,0.014793373,Down,Down,Down.Down
CG4716,1.866162124,2.30E-05,2.572396378,4.67E-25,Up,Up,Up.Up
CG32532,0.922188099,2.35E-05,2.446515072,0.001413194,Up,Up,Up.Up
CG31075,-1.229617826,2.36E-05,-2.27802263,2.04E-22,Down,Down,Down.Down
CG11854,-1.411288452,2.40E-05,-1.518692379,2.01E-05,Down,Down,Down.Down
ClC-b,-1.030038082,2.69E-05,0.816198285,0.019045947,Down,Up,Down.Up
pnr,0.741608776,2.72E-05,-1.200499261,0.049894686,Up,Down,Up.Down
eRF1,-0.986991373,2.98E-05,0.861036222,4.76E-04,Down,Up,Down.Up
CG9449,-1.092100556,3.08E-05,2.261470344,2.38E-22,Down,Up,Down.Up
Tmlh,-1.235209697,3.11E-05,1.801297108,8.39E-11,Down,Up,Down.Up
GstE1,-0.981472821,3.13E-05,0.9327505,0.013460681,Down,Up,Down.Up
nord,0.844402083,3.33E-05,1.863190861,0.007646842,Up,Up,Up.Up
RNASEK,-1.407247354,3.76E-05,-1.273067666,2.42E-05,Down,Down,Down.Down
nw,-1.030800165,4.09E-05,-0.80962312,0.011781103,Down,Down,Down.Down
Pgi,-1.279676412,4.16E-05,-0.929966755,6.04E-04,Down,Down,Down.Down
eIF4G1,-1.213732081,4.21E-05,0.681177307,0.01445422,Down,Up,Down.Up
TM9SF2,-1.212675491,4.29E-05,0.907848873,0.001680006,Down,Up,Down.Up
CG14752,1.220955805,4.29E-05,2.984079554,1.90E-06,Up,Up,Up.Up
CG8086,-0.955365669,4.44E-05,1.747041461,9.77E-08,Down,Up,Down.Up
upd1,0.902376676,4.49E-05,2.256962338,0.005650126,Up,Up,Up.Up
Syp,-1.018872322,4.56E-05,-0.875404116,0.005674448,Down,Down,Down.Down
bw,0.991134445,4.63E-05,3.008648659,2.83E-12,Up,Up,Up.Up
Eig71Ee,-1.647722255,4.63E-05,-5.989143297,5.52E-08,Down,Down,Down.Down
MsrA,-1.264076873,4.66E-05,-2.45059692,1.79E-22,Down,Down,Down.Down
MICAL-like,-0.905786742,4.68E-05,0.94965034,0.002718281,Down,Up,Down.Up
CG34215,-1.354987909,4.80E-05,0.895205579,0.005773336,Down,Up,Down.Up
Cpr60D,-1.420413385,4.80E-05,-1.287003958,0.028466322,Down,Down,Down.Down
CG34305,-1.497384699,4.98E-05,-1.598956115,0.007890162,Down,Down,Down.Down
eIF3a,-0.956575167,5.04E-05,0.548924905,0.020748344,Down,Up,Down.Up
Mpcp2,-1.240259162,5.09E-05,0.88402828,5.71E-05,Down,Up,Down.Up
stw,-1.131654625,5.16E-05,-0.826533234,0.02903584,Down,Down,Down.Down
Rgk2,0.864900688,5.38E-05,1.425137357,3.13E-05,Up,Up,Up.Up
CCT1,-0.934872525,5.42E-05,-0.822547583,0.006130199,Down,Down,Down.Down
Sik2,0.789455116,5.54E-05,1.098102583,8.15E-04,Up,Up,Up.Up
l(2)41Ab,-0.865936577,5.54E-05,-1.320235734,0.048281994,Down,Down,Down.Down
alphaTub85E,-0.968170464,5.67E-05,2.100198491,3.39E-04,Down,Up,Down.Up
Ance,-1.30275554,5.73E-05,-0.905032198,0.002133596,Down,Down,Down.Down
nrv1,-1.052535856,5.76E-05,0.785513571,0.010905716,Down,Up,Down.Up
Echs1,-1.08869479,5.76E-05,-0.943678238,0.001558236,Down,Down,Down.Down
CG7322,-0.919041464,5.94E-05,-1.719535571,1.47E-11,Down,Down,Down.Down
Pfk,-1.200503335,6.07E-05,-0.6503455,0.029293112,Down,Down,Down.Down
CG17999,1.000339905,6.08E-05,8.888379578,1.12E-23,Up,Up,Up.Up
Alp1,-1.308619071,6.26E-05,-1.323704831,0.002547255,Down,Down,Down.Down
Ufd4,-0.911407757,6.36E-05,0.808544952,0.003672414,Down,Up,Down.Up
Hsp83,-1.198929728,6.40E-05,0.64850267,0.004626084,Down,Up,Down.Up
RNaseMRP:RNA,-1.453920555,6.46E-05,-1.058702679,3.33E-04,Down,Down,Down.Down
emp,-0.963779062,6.69E-05,1.682604487,1.40E-09,Down,Up,Down.Up
Gnpda,-0.873444139,6.84E-05,-1.180067417,1.05E-05,Down,Down,Down.Down
CG5446,-0.964448317,6.91E-05,0.864771319,0.005182696,Down,Up,Down.Up
Lcp9,-1.394738701,7.13E-05,-3.59578124,2.20E-10,Down,Down,Down.Down
hrm,-0.926549432,7.24E-05,0.755755362,0.018811706,Down,Up,Down.Up
CG10026,-1.117699341,7.25E-05,-1.333274629,4.92E-06,Down,Down,Down.Down
pio,-0.954450988,7.37E-05,-0.762075245,0.024360813,Down,Down,Down.Down
CG10973,-1.323314266,7.43E-05,1.879190624,0.020591296,Down,Up,Down.Up
Odc1,1.016617486,7.73E-05,0.560703262,0.03596587,Up,Up,Up.Up
Tsf1,-1.211100679,7.88E-05,-1.82301467,6.09E-11,Down,Down,Down.Down
eIF3m,-1.012235157,7.90E-05,0.622527547,0.010506318,Down,Up,Down.Up
Tim9a,-1.352534905,7.98E-05,1.734657503,0.001547799,Down,Up,Down.Up
Msr-110,-1.256102344,8.31E-05,0.521903299,0.039919485,Down,Up,Down.Up
Df31,-1.117265795,9.17E-05,-0.741079958,0.008771049,Down,Down,Down.Down
Lcp1,-1.520054436,9.28E-05,-1.475178345,8.74E-06,Down,Down,Down.Down
laza,0.876049708,9.30E-05,2.035660918,9.40E-13,Up,Up,Up.Up
CG9877,-1.219284056,9.38E-05,-0.953237391,0.044441575,Down,Down,Down.Down
Pyk,-1.28342177,9.45E-05,-0.614782652,0.042105513,Down,Down,Down.Down
Pgk,-1.123510335,9.46E-05,-0.703117798,0.003734855,Down,Down,Down.Down
AANATL2,-0.993475193,9.49E-05,-2.301210437,1.23E-11,Down,Down,Down.Down
Rtnl1,-1.148213345,9.74E-05,-0.584099275,0.029428399,Down,Down,Down.Down
Nep4,0.78841573,9.98E-05,1.429935319,0.034942395,Up,Up,Up.Up
Nep7,0.786445608,1.01E-04,2.06063718,1.15E-07,Up,Up,Up.Up
GstS1,-1.059326276,1.02E-04,-0.807412703,8.50E-04,Down,Down,Down.Down
CG17896,-0.991925718,1.07E-04,-0.872146197,0.002655842,Down,Down,Down.Down
chico,-0.812054386,1.17E-04,1.35762819,4.61E-05,Down,Up,Down.Up
promL,-0.723091213,1.24E-04,1.111785537,1.11E-05,Down,Up,Down.Up
pix,-1.055172585,1.26E-04,0.814285988,1.47E-04,Down,Up,Down.Up
eIF4A,-1.203140753,1.26E-04,0.498548112,0.030675474,Down,Up,Down.Up
CG3902,-1.102641562,1.29E-04,-1.219590254,2.27E-04,Down,Down,Down.Down
awd,-1.44935408,1.32E-04,-1.031532673,3.94E-05,Down,Down,Down.Down
Mdr65,-0.779288968,1.33E-04,-1.540540698,0.043832585,Down,Down,Down.Down
ACC,-0.695684117,1.34E-04,1.084246373,0.002143408,Down,Up,Down.Up
CkIIalpha,-1.145163018,1.34E-04,0.721759702,0.025422648,Down,Up,Down.Up
CG3588,-1.189157219,1.43E-04,-1.375576805,0.001853476,Down,Down,Down.Down
Rad23,-1.206974906,1.43E-04,0.863622511,0.002417159,Down,Up,Down.Up
SpdS,-1.506820659,1.45E-04,-2.585201019,5.47E-09,Down,Down,Down.Down
eIF3b,-1.097879522,1.45E-04,0.952421751,9.26E-06,Down,Up,Down.Up
CG4972,-1.351958601,1.49E-04,0.890002981,0.040147004,Down,Up,Down.Up
yellow-d2,-1.11446475,1.53E-04,-1.707673807,1.06E-07,Down,Down,Down.Down
Bruce,-0.737692781,1.53E-04,0.612496886,0.02220151,Down,Up,Down.Up
Fkbp59,-0.807124348,1.55E-04,-0.789374798,0.009345837,Down,Down,Down.Down
grsm,-0.93653143,1.58E-04,-1.320055033,4.21E-08,Down,Down,Down.Down
mat,-0.917748909,1.60E-04,1.010106376,0.024372154,Down,Up,Down.Up
qsm,-0.939193148,1.61E-04,-1.08101564,0.011614676,Down,Down,Down.Down
Ahcy,-0.8957722,1.72E-04,-0.851708567,5.71E-04,Down,Down,Down.Down
wisp,0.858678522,1.81E-04,2.737534273,4.99E-05,Up,Up,Up.Up
CG8888,-1.146383975,1.81E-04,-1.151351046,0.003417017,Down,Down,Down.Down
Srg3,0.889741695,1.83E-04,-1.12863669,2.31E-04,Up,Down,Up.Down
Nct,-0.881595194,1.83E-04,1.25415676,7.86E-05,Down,Up,Down.Up
Jon66Cii,1.443240499,1.86E-04,-1.12014885,0.020620328,Up,Down,Up.Down
Cyp6d5,-1.129011187,1.89E-04,-1.117720598,1.80E-04,Down,Down,Down.Down
Mdh2,-1.182842094,1.94E-04,-0.911796425,1.03E-04,Down,Down,Down.Down
Esyt2,-1.024409673,1.98E-04,0.926269824,0.004194643,Down,Up,Down.Up
CG11898,0.714543038,2.01E-04,5.536326211,1.03E-29,Up,Up,Up.Up
MtnA,-1.104372456,2.01E-04,-2.965884638,1.65E-04,Down,Down,Down.Down
Ag5r,-1.633319159,2.05E-04,1.99212397,0.008110467,Down,Up,Down.Up
Cont,-1.072917385,2.06E-04,0.939313313,0.002027721,Down,Up,Down.Up
eIF3c,-0.963680327,2.07E-04,0.471081362,0.047342612,Down,Up,Down.Up
Hph,-0.670470643,2.10E-04,0.862726288,0.006024714,Down,Up,Down.Up
CG40228,-1.46741638,2.10E-04,-1.751269299,1.04E-04,Down,Down,Down.Down
wdp,-0.83869037,2.13E-04,0.903046148,0.002823839,Down,Up,Down.Up
Drat,-1.014007429,2.15E-04,0.671038824,0.018244758,Down,Up,Down.Up
CG6426,-1.090030689,2.16E-04,-2.008728829,8.60E-05,Down,Down,Down.Down
RpL38,-1.483234635,2.23E-04,-1.270288552,8.15E-07,Down,Down,Down.Down
lncRNA:roX2,-1.315956016,2.26E-04,-5.360044286,0.001637996,Down,Down,Down.Down
PGRP-SB2,0.989538047,2.49E-04,-7.346719285,1.27E-09,Up,Down,Up.Down
CG30026,-1.732804894,2.49E-04,7.127058432,2.98E-08,Down,Up,Down.Up
Dhc16F,0.822838041,2.52E-04,2.853811496,2.38E-04,Up,Up,Up.Up
scaRNA:MeU5-C46,-1.087024976,2.55E-04,-1.10035838,6.01E-05,Down,Down,Down.Down
oys,-0.751474389,2.55E-04,0.673560968,0.021093541,Down,Up,Down.Up
CG30197,-1.247912742,2.55E-04,-1.397272089,0.001653809,Down,Down,Down.Down
CG13794,-1.650471931,2.62E-04,2.790784439,0.003440969,Down,Up,Down.Up
kkv,-0.834532907,2.62E-04,-0.815018309,0.021773484,Down,Down,Down.Down
UGP,-0.902491775,2.65E-04,-0.90305444,0.002463601,Down,Down,Down.Down
Sting,-0.976995853,2.66E-04,1.158871186,0.002143408,Down,Up,Down.Up
RpS18,-1.258752392,2.73E-04,-0.64564072,0.003139733,Down,Down,Down.Down
CG14207,-1.164216915,2.80E-04,-1.248180862,1.02E-06,Down,Down,Down.Down
RpS9,-1.263160387,2.81E-04,-0.706483712,8.75E-04,Down,Down,Down.Down
Alg-2,-1.32162699,2.87E-04,-0.806402206,0.028278789,Down,Down,Down.Down
HDAC1,-0.721826056,2.92E-04,0.846959036,0.003051024,Down,Up,Down.Up
Grx1,-1.178644502,2.93E-04,-0.919579044,0.007063235,Down,Down,Down.Down
CG17108,-0.986755385,2.94E-04,2.483862723,0.035079425,Down,Up,Down.Up
PMCA,-1.035010872,3.00E-04,0.695200874,0.011015554,Down,Up,Down.Up
Fcp3C,0.969504964,3.02E-04,-2.524755135,0.029912568,Up,Down,Up.Down
topi,0.971074947,3.06E-04,1.509013856,8.50E-04,Up,Up,Up.Up
CrebA,-0.784635516,3.09E-04,0.793394904,0.011614676,Down,Up,Down.Up
spoon,-0.736271172,3.14E-04,0.662495728,0.011156374,Down,Up,Down.Up
Vps52,-0.722018364,3.15E-04,1.072782186,0.009952937,Down,Up,Down.Up
RpL35A,-1.253644398,3.15E-04,0.618639592,0.011428892,Down,Up,Down.Up
snRNA:U11,-0.961295292,3.46E-04,-1.013442007,3.17E-04,Down,Down,Down.Down
Fum1,-0.970428073,3.59E-04,-0.630302004,0.024044566,Down,Down,Down.Down
nrv2,-0.878811801,3.63E-04,1.508932179,2.02E-05,Down,Up,Down.Up
CG2854,1.016923024,3.66E-04,2.281971279,0.001179092,Up,Up,Up.Up
CG1105,-0.819156301,3.79E-04,-1.025891784,2.24E-04,Down,Down,Down.Down
Prm,-1.346311125,3.80E-04,-0.703371959,0.037224232,Down,Down,Down.Down
Rab8,-0.912516502,3.85E-04,1.049162285,2.83E-04,Down,Up,Down.Up
rho-6,1.35492974,3.86E-04,4.093537932,0.002416323,Up,Up,Up.Up
SP1173,-0.994091529,3.86E-04,-1.450362227,8.76E-05,Down,Down,Down.Down
BomBc3,-1.189238295,3.87E-04,5.589615108,3.44E-06,Down,Up,Down.Up
Pdha1,-0.973449498,3.99E-04,0.807852831,0.019256097,Down,Up,Down.Up
Rap2l,-1.057506447,4.04E-04,1.191307523,5.30E-04,Down,Up,Down.Up
step,-0.86712091,4.06E-04,0.702559723,0.02220151,Down,Up,Down.Up
Prps,-0.909658449,4.07E-04,0.729722748,0.005747864,Down,Up,Down.Up
lncRNA:CR43459,-0.708270682,4.13E-04,0.959438648,0.046325149,Down,Up,Down.Up
Rpn6,-0.882051051,4.14E-04,1.32592669,5.89E-08,Down,Up,Down.Up
wal,-0.941044587,4.17E-04,-0.8996773,1.40E-04,Down,Down,Down.Down
Cyp6a22,0.687260128,4.18E-04,1.632741355,2.36E-07,Up,Up,Up.Up
CG40045,-1.167665317,4.25E-04,-0.66894166,0.042469349,Down,Down,Down.Down
stum,0.920068419,4.36E-04,5.236641751,2.86E-04,Up,Up,Up.Up
Stim,-0.973332991,4.41E-04,1.406386858,2.39E-07,Down,Up,Down.Up
CG13784,-0.686311146,4.42E-04,1.094722409,1.00E-04,Down,Up,Down.Up
CG11034,0.732889458,4.44E-04,2.072588733,4.51E-08,Up,Up,Up.Up
CG9338,-1.087476435,4.44E-04,1.825249472,0.038195401,Down,Up,Down.Up
Fkbp12,-1.074180111,4.44E-04,-1.276442414,5.40E-09,Down,Down,Down.Down
Tsp42Ee,-1.081745442,4.49E-04,1.363400256,2.25E-06,Down,Up,Down.Up
Pgm1,-1.035517173,4.54E-04,-1.18435014,5.01E-06,Down,Down,Down.Down
eIF3l,-0.889755862,4.55E-04,1.426187456,6.43E-11,Down,Up,Down.Up
Galk,-0.783261778,4.65E-04,-1.328281151,5.23E-06,Down,Down,Down.Down
Mdh1,-1.095541759,4.67E-04,-0.670196271,0.00275475,Down,Down,Down.Down
Tm1,-1.269439898,4.77E-04,-0.833907413,0.006107246,Down,Down,Down.Down
Karybeta3,-0.910594524,4.79E-04,0.625518677,0.007849666,Down,Up,Down.Up
Nmda1,-0.981469347,4.90E-04,1.076171708,3.80E-04,Down,Up,Down.Up
CG3566,-0.687326569,4.91E-04,-1.221515691,6.49E-05,Down,Down,Down.Down
ND-B16.6,-1.014917568,5.28E-04,0.807551513,0.023130163,Down,Up,Down.Up
CG11403,0.601101392,5.32E-04,-1.156823156,0.034182684,Up,Down,Up.Down
CG34404,0.557441049,5.43E-04,1.776075215,5.68E-14,Up,Up,Up.Up
CG14515,1.194485057,5.44E-04,8.321965718,8.93E-12,Up,Up,Up.Up
CG8586,0.743365868,5.48E-04,-2.084465376,2.78E-13,Up,Down,Up.Down
BomS2,-2.967366048,5.54E-04,11.46103828,2.04E-22,Down,Up,Down.Up
CG33461,-1.799908522,5.59E-04,4.67356,8.68E-11,Down,Up,Down.Up
Cyp309a2,0.884363736,5.60E-04,3.553107524,8.51E-13,Up,Up,Up.Up
Not11,-0.841263341,5.60E-04,1.742689031,0.031204687,Down,Up,Down.Up
Sams,-0.924601318,5.64E-04,0.560560556,0.042105513,Down,Up,Down.Up
Spn100A,0.741933067,5.65E-04,-1.480262171,0.036839288,Up,Down,Up.Down
CG6428,0.562837283,5.74E-04,1.265854632,3.95E-04,Up,Up,Up.Up
Actn,-1.2847847,5.76E-04,-0.57512321,0.048351123,Down,Down,Down.Down
Acat1,-0.866524615,5.77E-04,-1.746011034,1.30E-10,Down,Down,Down.Down
Bacc,-0.967773937,5.81E-04,-0.721526725,0.007629995,Down,Down,Down.Down
Cp36,1.088015898,5.94E-04,4.158928316,3.94E-09,Up,Up,Up.Up
CG10038,-0.887951331,5.96E-04,1.117376976,0.014793373,Down,Up,Down.Up
CG17549,-1.091249176,5.96E-04,0.657632437,0.030039561,Down,Up,Down.Up
ldd,-0.717998154,6.03E-04,-1.071851744,0.018292107,Down,Down,Down.Down
Gnpnat,-1.098497886,6.06E-04,-0.915942162,0.024044566,Down,Down,Down.Down
Mdr49,0.640378714,6.11E-04,-1.586661667,9.02E-10,Up,Down,Up.Down
mthl10,-0.64743169,6.21E-04,0.765454715,0.042105513,Down,Up,Down.Up
CG6230,-0.619618594,6.24E-04,1.168303842,1.86E-04,Down,Up,Down.Up
HINT1,-0.907178867,6.24E-04,-1.049852105,1.99E-04,Down,Down,Down.Down
mfas,-0.952847992,6.35E-04,2.199323837,3.33E-14,Down,Up,Down.Up
Nurf-38,-1.03538573,6.52E-04,-0.773643868,0.014793373,Down,Down,Down.Down
Nepl12,0.707024723,6.59E-04,3.738760324,1.68E-08,Up,Up,Up.Up
RpLP2,-1.272086949,6.62E-04,-1.202279321,1.11E-08,Down,Down,Down.Down
PGRP-LF,-0.895493873,6.68E-04,2.290768731,0.012249816,Down,Up,Down.Up
Tm2,-1.317157506,6.74E-04,-0.954685302,0.007422742,Down,Down,Down.Down
Mondo,-0.692972024,6.78E-04,1.071027193,5.41E-04,Down,Up,Down.Up
CG34054,-1.511660859,6.80E-04,4.425022353,2.20E-06,Down,Up,Down.Up
Dpm3,-1.621254374,6.80E-04,-1.365158437,0.00865753,Down,Down,Down.Down
regucalcin,-1.111374419,6.80E-04,-2.498203507,6.15E-36,Down,Down,Down.Down
Hmu,-0.945076774,6.99E-04,0.910269784,4.07E-04,Down,Up,Down.Up
CG4259,-1.252494112,7.25E-04,1.757727804,0.001637996,Down,Up,Down.Up
Bsg,-0.738631141,7.29E-04,0.794584234,0.011718198,Down,Up,Down.Up
Tpi,-1.184305305,7.47E-04,-1.641540663,9.19E-10,Down,Down,Down.Down
CG7806,-0.600268818,7.55E-04,0.659036315,0.037974288,Down,Up,Down.Up
Kr-h2,-0.701338606,7.79E-04,0.787937034,0.045870916,Down,Up,Down.Up
peg,-0.765993847,7.84E-04,1.061254285,0.00372008,Down,Up,Down.Up
Ns2,-0.679520061,7.88E-04,0.851598843,0.00604756,Down,Up,Down.Up
eIF3h,-0.881106714,7.93E-04,0.761659106,6.01E-04,Down,Up,Down.Up
zormin,-0.852598574,8.01E-04,1.046328693,6.29E-07,Down,Up,Down.Up
Sbp2,-0.832032042,8.04E-04,1.336367445,0.003097036,Down,Up,Down.Up
Cnx99A,-0.7635292,8.08E-04,0.913231101,0.001229466,Down,Up,Down.Up
wbl,-0.749802963,8.47E-04,-1.876199083,0.001662435,Down,Down,Down.Down
Chs2,0.796361764,8.55E-04,1.446998428,1.26E-06,Up,Up,Up.Up
dbr,-0.774346328,8.61E-04,0.794895335,0.015265806,Down,Up,Down.Up
tmn,-1.251559031,8.63E-04,-0.968083645,0.017295688,Down,Down,Down.Down
GstT1,-0.900109339,8.63E-04,-1.080197911,3.52E-04,Down,Down,Down.Down
pr,-0.904662972,8.79E-04,0.749253397,0.025249344,Down,Up,Down.Up
CG4991,0.819062887,8.87E-04,1.011524272,0.011394469,Up,Up,Up.Up
CG15772,0.948168582,8.96E-04,-3.480448967,1.07E-08,Up,Down,Up.Down
Tango1,-0.68955453,9.00E-04,0.658984022,0.02493043,Down,Up,Down.Up
Cdc42,-0.89647238,9.01E-04,0.652161874,0.042595725,Down,Up,Down.Up
CG11426,0.604325618,9.09E-04,1.458023639,8.86E-04,Up,Up,Up.Up
Atpalpha,-0.959700016,9.09E-04,0.59495712,0.027601004,Down,Up,Down.Up
PH4alphaEFB,-0.636894551,9.22E-04,0.707167049,0.031451372,Down,Up,Down.Up
CG5888,-1.061184908,9.22E-04,1.519681266,0.02220151,Down,Up,Down.Up
RpS24,-1.203867388,9.24E-04,0.618462072,0.006614844,Down,Up,Down.Up
CG11791,-0.790301928,9.45E-04,1.093301069,0.011778088,Down,Up,Down.Up
RpS10b,-1.203959677,9.56E-04,1.185229295,1.53E-07,Down,Up,Down.Up
Prestin,-0.668175034,9.66E-04,0.929062121,0.017854677,Down,Up,Down.Up
ds,-0.727478492,9.72E-04,-0.653080731,0.046325149,Down,Down,Down.Down
LanA,-0.808464104,9.80E-04,1.142038582,8.54E-06,Down,Up,Down.Up
Vha13,-0.903204145,9.99E-04,-0.586626988,0.042954897,Down,Down,Down.Down
lncRNA:CR45593,0.89457881,0.001024357,2.60178199,2.17E-09,Up,Up,Up.Up
Ser7,1.071555551,0.001042202,0.765638905,0.023632141,Up,Up,Up.Up
CG31076,-1.309402937,0.001053955,-1.582231151,9.09E-08,Down,Down,Down.Down
CG6707,-0.641138031,0.001061981,0.695251194,0.016054378,Down,Up,Down.Up
CG10527,-1.258601156,0.001079088,-1.753226488,1.64E-09,Down,Down,Down.Down
Eato,-0.729436479,0.001088787,0.964210239,8.42E-04,Down,Up,Down.Up
CG3164,-0.921203599,0.001095711,1.4115441,2.13E-07,Down,Up,Down.Up
CG6028,-0.911718743,0.001096103,-1.551630854,9.23E-11,Down,Down,Down.Down
Argk1,-1.218751575,0.001096342,-0.87002985,0.00749831,Down,Down,Down.Down
ND-MLRQ,-1.210320739,0.001112042,-0.776877584,0.034962115,Down,Down,Down.Down
CG12105,0.721350566,0.001121158,4.419624311,2.20E-25,Up,Up,Up.Up
snRNA:7SKa,-1.412845699,0.001156969,-0.664433991,0.00742512,Down,Down,Down.Down
GstD10,-0.815131463,0.00116161,-4.863279434,1.05E-35,Down,Down,Down.Down
Usp47,-0.764261048,0.0011851,0.543257971,0.041802853,Down,Up,Down.Up
up,-1.265829576,0.001210255,-0.773551543,0.019045947,Down,Down,Down.Down
Mp20,-1.225064743,0.001244503,-1.038495482,0.004247536,Down,Down,Down.Down
alt,-0.865151245,0.001250677,0.700726905,0.009422208,Down,Up,Down.Up
Pgam1,-1.180349427,0.001257607,-0.665478082,0.021921382,Down,Down,Down.Down
RpL11,-1.16599461,0.001308897,-0.480176849,0.043316472,Down,Down,Down.Down
Smox,-0.644637911,0.001331248,0.952520077,0.001480925,Down,Up,Down.Up
Pcd,-0.730822511,0.001342344,-1.375812081,4.50E-06,Down,Down,Down.Down
Ork1,0.874434533,0.001353065,1.589913643,9.25E-08,Up,Up,Up.Up
Prosbeta2,-0.865639345,0.001357821,0.725799297,0.011394469,Down,Up,Down.Up
CG8468,-0.606828508,0.001365106,2.067324166,7.00E-10,Down,Up,Down.Up
Yp3,0.912564589,0.001383022,-5.627009664,1.20E-28,Up,Down,Up.Down
Act87E,-1.149629262,0.001385587,-0.750496214,0.038742567,Down,Down,Down.Down
CG14949,0.810899896,0.001412205,4.586495043,4.33E-12,Up,Up,Up.Up
Phm,-0.897842951,0.001423154,1.377871461,9.84E-06,Down,Up,Down.Up
Prosbeta6,-0.73193408,0.001433771,0.697917336,0.020848905,Down,Up,Down.Up
Gp93,-0.950359644,0.001437553,0.8133345,0.001751918,Down,Up,Down.Up
Rpn1,-0.785951638,0.001457962,0.605269132,0.044804248,Down,Up,Down.Up
Aralar,-0.598303983,0.001467622,0.879908325,0.006170323,Down,Up,Down.Up
CG10814,1.004160487,0.001469735,5.155756162,3.43E-38,Up,Up,Up.Up
Etfb,-0.814410919,0.00156401,-1.460365912,3.44E-09,Down,Down,Down.Down
Hsc70-3,-1.069595059,0.001578277,0.999856319,3.25E-04,Down,Up,Down.Up
Idh,-0.874160732,0.001600203,0.770059135,0.023545131,Down,Up,Down.Up
Rer1,-0.713547196,0.00161476,1.014265422,0.001229181,Down,Up,Down.Up
Gbs-70E,-0.849805656,0.001627805,-0.84648726,0.008716458,Down,Down,Down.Down
piwi,-0.874963153,0.001664762,4.522143161,6.52E-04,Down,Up,Down.Up
Ugt35A1,-1.146202617,0.001675039,1.461518625,0.002006151,Down,Up,Down.Up
hdly,-0.703236636,0.001704903,1.264198063,2.94E-04,Down,Up,Down.Up
Grp170,-0.849515212,0.001712168,0.611905746,0.037864433,Down,Up,Down.Up
PGRP-LC,-0.562678251,0.001726222,0.832850756,0.028380235,Down,Up,Down.Up
CG5793,-0.888598139,0.001757921,-1.789165211,2.25E-06,Down,Down,Down.Down
RpL27,-1.203416567,0.001807816,1.165302323,2.47E-08,Down,Up,Down.Up
CG17271,-0.746758826,0.001809874,0.640111297,0.040819052,Down,Up,Down.Up
lncRNA:CR34335,-1.123341232,0.001894201,-1.571351233,1.10E-16,Down,Down,Down.Down
RpL24,-1.128441258,0.001897596,-0.633948209,0.002770502,Down,Down,Down.Down
Mlc1,-1.31010628,0.0019103,-1.02720756,0.002398433,Down,Down,Down.Down
RpL39,-1.176977974,0.002011782,-0.67050002,0.003672414,Down,Down,Down.Down
Sec24CD,-0.620100121,0.002013329,0.632905586,0.039609808,Down,Up,Down.Up
Cyp1,-1.035858603,0.002033267,-0.717019907,0.003088849,Down,Down,Down.Down
Lcp3,-1.107999704,0.002041092,-2.06413931,0.018232796,Down,Down,Down.Down
NT5E-2,-0.797919023,0.002050845,1.881514218,8.55E-06,Down,Up,Down.Up
CG2641,-0.606878236,0.002051626,0.939911578,0.037118981,Down,Up,Down.Up
Chchd2,-0.893065708,0.002073126,0.838433165,0.006523405,Down,Up,Down.Up
His2B:CG33868,1.484066345,0.00207896,-2.174628384,0.001026029,Up,Down,Up.Down
Cyp6t1,0.655518112,0.002086023,-1.713905684,0.005810288,Up,Down,Up.Down
CG6766,-0.853714116,0.002089903,0.910456232,0.007384198,Down,Up,Down.Up
CG1943,-0.771471768,0.002094266,0.808020437,0.004946822,Down,Up,Down.Up
mbc,-0.553566768,0.002102212,0.903399679,0.001606753,Down,Up,Down.Up
Rpt4,-0.843449187,0.002131443,0.656894905,0.030941022,Down,Up,Down.Up
MtnD,-1.200517946,0.002153009,1.855670374,3.20E-04,Down,Up,Down.Up
CG11151,-0.7969283,0.002168141,-2.082383413,4.84E-22,Down,Down,Down.Down
Ptp69D,-0.869748691,0.002175779,1.120575513,0.004016988,Down,Up,Down.Up
trol,-0.867536809,0.002180738,1.038112996,0.001132488,Down,Up,Down.Up
Srr,0.627001273,0.00224156,1.041545745,1.43E-04,Up,Up,Up.Up
l(3)72Dp,-0.882102235,0.00224156,2.011698479,1.22E-06,Down,Up,Down.Up
spz,-0.550875422,0.002357941,1.54123862,3.20E-05,Down,Up,Down.Up
Rab7,-0.740227002,0.002395902,1.042954951,5.05E-04,Down,Up,Down.Up
CG7966,-0.864465172,0.002399801,-1.007668028,8.54E-04,Down,Down,Down.Down
BomS1,-2.307089396,0.002410739,10.70925257,3.16E-19,Down,Up,Down.Up
Acer,-0.619354197,0.002485216,1.746454688,7.94E-10,Down,Up,Down.Up
Fkbp14,-0.834540893,0.002505527,1.051042799,1.65E-04,Down,Up,Down.Up
CG13606,0.87172342,0.002522514,-2.021995657,0.028380235,Up,Down,Up.Down
CG6834,-0.944464383,0.002573791,-1.405174227,0.030662654,Down,Down,Down.Down
CG5861,-0.822669178,0.002668721,-0.854726301,0.047696695,Down,Down,Down.Down
CG6788,1.236682409,0.002684298,6.459982698,2.25E-09,Up,Up,Up.Up
CG43742,-1.056331552,0.002716918,2.718559012,6.66E-08,Down,Up,Down.Up
Cat,-0.88775408,0.002731811,-0.615873319,0.026225111,Down,Down,Down.Down
sona,-0.602888187,0.002746594,-1.203313711,0.001701169,Down,Down,Down.Down
SREBP,-0.645258867,0.002774986,1.214722086,2.47E-06,Down,Up,Down.Up
l(1)G0289,-0.767772032,0.002883447,0.703911889,0.010225326,Down,Up,Down.Up
Tsp96F,-0.742010077,0.002890524,0.911101801,0.006192032,Down,Up,Down.Up
Men,-0.821876988,0.002962354,1.130017893,4.16E-04,Down,Up,Down.Up
CG32473,-0.46537647,0.002977246,0.72365125,0.02393799,Down,Up,Down.Up
SLC22A,0.69848549,0.002989447,1.731935016,7.50E-08,Up,Up,Up.Up
Trp1,-0.822759291,0.003015326,0.888313914,0.00431243,Down,Up,Down.Up
NUCB1,-0.764849216,0.003035944,1.395224288,3.89E-06,Down,Up,Down.Up
blo,-0.608614378,0.003098379,-0.825742472,0.015779246,Down,Down,Down.Down
jbug,-0.594987917,0.003127012,-0.808403457,0.005807216,Down,Down,Down.Down
CHOp24,-0.918418724,0.003173278,-0.761884561,0.002750889,Down,Down,Down.Down
eIF3k,-0.858676327,0.003193136,0.711080782,0.002652245,Down,Up,Down.Up
HisT,0.658307381,0.003199421,2.193768563,1.29E-06,Up,Up,Up.Up
Tep2,-0.879487566,0.003232463,2.349299938,1.37E-16,Down,Up,Down.Up
Sod1,-0.939146677,0.003333952,-1.134540301,3.89E-06,Down,Down,Down.Down
CG34279,-1.059972734,0.003400448,-7.600811057,1.37E-20,Down,Down,Down.Down
subdued,-0.653916622,0.003440649,0.841750404,0.001726368,Down,Up,Down.Up
hll,0.658360522,0.003461307,-1.56151845,5.40E-07,Up,Down,Up.Down
cl,-0.77739854,0.003464812,-0.784671636,0.012804173,Down,Down,Down.Down
SCaMC,-0.503624146,0.003479319,1.242240562,2.06E-06,Down,Up,Down.Up
kipf,0.741497746,0.003536164,1.779316782,5.32E-05,Up,Up,Up.Up
nec,0.515630833,0.003577317,1.457391347,4.44E-07,Up,Up,Up.Up
Letm1,-0.461151792,0.003597061,0.707522481,0.01479719,Down,Up,Down.Up
scu,-0.840016973,0.003661867,-1.013485297,1.22E-05,Down,Down,Down.Down
Scamp,-0.646851935,0.00366606,1.048835765,5.22E-05,Down,Up,Down.Up
bru1,0.704362417,0.003711594,0.982902796,0.002538847,Up,Up,Up.Up
crq,-0.826099661,0.003789552,0.875943026,0.001469902,Down,Up,Down.Up
LManI,-1.113493672,0.003860315,1.661843761,5.16E-07,Down,Up,Down.Up
cnc,-0.66936778,0.003904268,0.55464154,0.032342848,Down,Up,Down.Up
Graf,-0.644054507,0.003956813,0.904455735,0.01240914,Down,Up,Down.Up
alpha-Man-Ia,-0.476984934,0.004001295,0.912545597,0.0076752,Down,Up,Down.Up
COX5A,-0.976291104,0.004018287,-0.801485395,0.00461463,Down,Down,Down.Down
Rpt5,-0.724155997,0.004018287,0.759119987,0.010367447,Down,Up,Down.Up
cact,-0.644733518,0.004035559,1.026269163,1.42E-04,Down,Up,Down.Up
GstE3,-0.60903363,0.004166748,-1.622425924,2.28E-10,Down,Down,Down.Down
Abca3,-0.554977802,0.004250311,0.950911757,0.016357956,Down,Up,Down.Up
Ncc69,-0.592515222,0.004263385,1.550048176,2.25E-10,Down,Up,Down.Up
CG7739,-0.790371084,0.004309865,1.204888399,5.52E-04,Down,Up,Down.Up
CG8839,-0.652844308,0.004334233,1.509687435,3.55E-10,Down,Up,Down.Up
CG43051,-0.940213045,0.004373209,-1.625503496,1.32E-05,Down,Down,Down.Down
Cpr78E,-1.16555193,0.004374769,-1.386620034,2.05E-04,Down,Down,Down.Down
MAPk-Ak2,-0.681505538,0.004378031,0.637593345,0.036867208,Down,Up,Down.Up
Nepl19,0.673554517,0.004418204,1.750664785,3.09E-08,Up,Up,Up.Up
CG1213,0.544479874,0.004439651,2.390803079,1.80E-06,Up,Up,Up.Up
Ubc6,-0.868836449,0.004451625,0.759113114,0.036013127,Down,Up,Down.Up
CG31705,-0.857261627,0.004582415,1.378295351,2.91E-07,Down,Up,Down.Up
Droj2,-0.763255216,0.004639288,0.60550664,0.046902569,Down,Up,Down.Up
Cpr11A,-0.989047081,0.004654156,-1.590867163,0.02220151,Down,Down,Down.Down
CG6180,-0.757291492,0.004723525,-1.608666946,2.60E-11,Down,Down,Down.Down
lace,-0.519239171,0.004726721,1.207938602,4.85E-04,Down,Up,Down.Up
CG7627,-0.497112594,0.004773993,0.888783412,0.008875505,Down,Up,Down.Up
Sap-r,-0.996262745,0.00478543,0.901410575,1.86E-04,Down,Up,Down.Up
ClC-c,-0.598278667,0.004949426,1.334801103,8.15E-07,Down,Up,Down.Up
Cisd,-0.808407743,0.004953417,-0.70004394,0.037876792,Down,Down,Down.Down
CG42798,-1.12818017,0.004961718,-1.883028864,0.004768184,Down,Down,Down.Down
Naglu,0.556912384,0.005013077,-0.765739048,0.024845925,Up,Down,Up.Down
TSG101,-0.573102988,0.005040269,0.845705809,0.007796706,Down,Up,Down.Up
Atg8a,-0.851411335,0.005207744,0.776238093,0.00461463,Down,Up,Down.Up
orion,-0.711790708,0.005277889,0.959808812,7.67E-04,Down,Up,Down.Up
cpx,-0.546228994,0.005280389,1.648713744,1.13E-04,Down,Up,Down.Up
GstE13,-0.621455844,0.005345396,-1.444967724,0.001814074,Down,Down,Down.Down
put,-0.482638415,0.005384368,0.849863632,0.007538434,Down,Up,Down.Up
e(r),-0.729567309,0.005400608,0.82366529,0.011199052,Down,Up,Down.Up
Txl,-0.703599105,0.005400608,0.684045313,0.040274417,Down,Up,Down.Up
Oseg5,0.685073968,0.005429582,2.155965418,0.029014898,Up,Up,Up.Up
CG12581,-0.626088642,0.005430325,-0.936692163,0.0031057,Down,Down,Down.Down
Fas3,-0.64475598,0.005435355,-0.771587435,0.044421167,Down,Down,Down.Down
RpL23,-1.040086639,0.005477791,-0.715708092,0.002072384,Down,Down,Down.Down
PGRP-SC2,-0.878147055,0.005691384,3.585855127,2.45E-38,Down,Up,Down.Up
InR,-0.427207181,0.005707336,1.298962537,1.22E-06,Down,Up,Down.Up
Cds,-0.711289492,0.005725414,1.052676668,0.001335545,Down,Up,Down.Up
Mpi,-0.6185365,0.005732895,-0.879037799,0.003986843,Down,Down,Down.Down
Neb-cGP,-1.115919241,0.005790057,-0.976560874,0.002847015,Down,Down,Down.Down
CG6770,-0.798144467,0.005802096,-0.890638205,4.11E-05,Down,Down,Down.Down
Ip259,-0.709713392,0.005882132,1.23313518,1.15E-07,Down,Up,Down.Up
CG43125,-1.292734633,0.005887923,2.916126013,1.81E-06,Down,Up,Down.Up
CG34132,-1.34148638,0.005919142,-1.312113746,0.007226253,Down,Down,Down.Down
CG3860,-0.728853105,0.005919142,1.42823946,3.30E-06,Down,Up,Down.Up
Sec22,-0.714082071,0.005920983,0.802352464,0.011920956,Down,Up,Down.Up
fabp,-0.938269549,0.005974949,-2.527220308,1.05E-19,Down,Down,Down.Down
Apoltp,-0.744309665,0.00602014,2.46045801,7.57E-23,Down,Up,Down.Up
ACXD,0.615103489,0.00602014,-2.511377691,4.56E-09,Up,Down,Up.Down
Gdap2,-0.54518727,0.006030091,1.011601228,3.95E-04,Down,Up,Down.Up
CG6602,-0.959496592,0.006038774,3.106158505,1.13E-07,Down,Up,Down.Up
Mlc2,-1.171860135,0.0060441,-0.996608616,0.00749831,Down,Down,Down.Down
vig2,-0.77188541,0.006059087,-0.598963698,0.031867204,Down,Down,Down.Down
wnd,-0.409797602,0.006085375,1.225273489,1.93E-05,Down,Up,Down.Up
Rab32,0.556861245,0.006089608,1.094842517,1.84E-04,Up,Up,Up.Up
Plod,-0.814224395,0.006095366,1.402426649,1.13E-07,Down,Up,Down.Up
shtd,0.445738485,0.006101659,0.849530866,0.001977416,Up,Up,Up.Up
Cyt-c-p,-1.202214804,0.006162042,1.148982165,0.006862877,Down,Up,Down.Up
Grip,0.683843259,0.006166966,1.338764354,1.16E-04,Up,Up,Up.Up
CG5958,-0.534464319,0.006223331,-1.254342338,4.17E-06,Down,Down,Down.Down
RpL40,-1.094574293,0.006272797,0.615033698,0.010815102,Down,Up,Down.Up
Zcchc7,-0.47569237,0.006404287,0.689374272,0.041324551,Down,Up,Down.Up
Cyt-b5,-0.719720511,0.006558275,-0.791950294,0.002410708,Down,Down,Down.Down
CG10512,-0.659126344,0.006726559,-0.720813731,0.024709912,Down,Down,Down.Down
Slc45-1,-0.479399561,0.00675792,0.810712732,0.010780508,Down,Up,Down.Up
CG5321,0.688422307,0.00681144,1.01049749,1.88E-04,Up,Up,Up.Up
CG5966,0.566147153,0.006932652,2.413998471,2.47E-21,Up,Up,Up.Up
CG14767,-0.780548583,0.006934886,0.886119383,7.27E-04,Down,Up,Down.Up
Fdh,-0.564065634,0.006999449,-0.919692089,4.55E-04,Down,Down,Down.Down
Spn42Dd,0.566590605,0.00712173,-1.672775551,3.81E-07,Up,Down,Up.Down
Pbgs,-0.607633512,0.007122673,-1.082683539,0.003013258,Down,Down,Down.Down
CG14636,0.535406639,0.007129264,-3.114088276,0.003734855,Up,Down,Up.Down
AMPdeam,-0.58614613,0.007291308,0.882371561,7.04E-04,Down,Up,Down.Up
CG14823,0.697788353,0.00737285,-1.46537696,0.018648626,Up,Down,Up.Down
Pgant9,-0.637131714,0.00737845,-1.138120477,0.007935016,Down,Down,Down.Down
CG46339,-0.531510127,0.007482012,0.982341464,0.027300907,Down,Up,Down.Up
RpL28,-1.025738717,0.007489091,0.99098204,5.88E-06,Down,Up,Down.Up
CG32112,-0.617149706,0.007503379,1.451091666,0.03883964,Down,Up,Down.Up
Tis11,-0.543446865,0.007509624,0.883689298,0.010636804,Down,Up,Down.Up
TkR86C,0.642932921,0.007549096,4.375092322,1.01E-05,Up,Up,Up.Up
Obp56d,-1.11845228,0.007586048,-0.756849264,0.007849666,Down,Down,Down.Down
CG4615,0.501683888,0.007620896,1.593652191,2.01E-05,Up,Up,Up.Up
sand,0.55640148,0.007620896,1.722100429,8.84E-06,Up,Up,Up.Up
PAPLA1,-0.48220443,0.007668788,1.05823893,0.003734855,Down,Up,Down.Up
CG34325,-0.795222184,0.007804722,1.292778268,0.025785595,Down,Up,Down.Up
sun,-1.03775938,0.007852046,-0.950473963,0.001352016,Down,Down,Down.Down
TyrRS,-0.51174757,0.007862602,0.594609639,0.042954897,Down,Up,Down.Up
CG31715,-0.823601518,0.007951198,-1.284084774,1.28E-04,Down,Down,Down.Down
CtsL1,-0.858474144,0.007989008,1.489949463,1.59E-08,Down,Up,Down.Up
Myo31DF,-0.575976188,0.007998215,0.705815058,0.028097621,Down,Up,Down.Up
CG4199,-0.571036843,0.008017476,0.564698454,0.039275016,Down,Up,Down.Up
CG3792,-0.604459591,0.008112805,0.976330409,0.011718198,Down,Up,Down.Up
vkg,-0.72751149,0.008227284,0.935251854,0.001069394,Down,Up,Down.Up
CG3246,0.632891298,0.008240692,0.805758511,4.21E-04,Up,Up,Up.Up
Col4a1,-0.864555053,0.008272229,1.028008694,4.74E-04,Down,Up,Down.Up
CG8051,0.564259614,0.008441012,2.008599757,5.98E-10,Up,Up,Up.Up
Akt,-0.595206812,0.008462936,1.114555333,2.85E-05,Down,Up,Down.Up
CG3597,0.569924036,0.008469562,-3.632804863,4.65E-15,Up,Down,Up.Down
CG14803,0.499278137,0.008775488,0.836063202,0.01822473,Up,Up,Up.Up
CG31523,-0.597846616,0.008775488,1.177450962,3.29E-05,Down,Up,Down.Up
Sgsf,-1.108176415,0.00884047,-3.767045023,0.007422742,Down,Down,Down.Down
ATPsynG,-0.99959824,0.008961845,-0.679764182,0.031867204,Down,Down,Down.Down
lncRNA:let7C,0.94871652,0.008983395,-1.56316869,0.033253815,Up,Down,Up.Down
Nepl11,0.619931311,0.009001366,3.35421504,4.65E-15,Up,Up,Up.Up
CG18557,0.754467687,0.009025639,-1.545100824,0.001297701,Up,Down,Up.Down
Nt5a,0.477273642,0.009036375,-1.314148188,4.87E-07,Up,Down,Up.Down
RpL36,-1.034206461,0.009120602,-0.850822907,1.32E-04,Down,Down,Down.Down
Nepl20,-0.564269113,0.009137651,1.828164229,1.25E-04,Down,Up,Down.Up
RpS29,-1.094858569,0.009137732,-0.549017527,0.030941022,Down,Down,Down.Down
Cyp4aa1,0.685987474,0.009145471,2.484581413,0.005811826,Up,Up,Up.Up
Pdk,-0.67965181,0.009304732,0.679238447,0.038195401,Down,Up,Down.Up
pyd3,-0.790141743,0.009328696,-1.690919067,4.34E-07,Down,Down,Down.Down
ND-B14.5B,-0.815430572,0.009520558,-1.033333202,3.53E-04,Down,Down,Down.Down
rols,0.41805828,0.009549255,-0.944379276,0.006732375,Up,Down,Up.Down
Hsp23,-0.878766132,0.009644549,-1.172164781,0.001089991,Down,Down,Down.Down
N,-0.630833327,0.00985098,-0.712861046,0.017628053,Down,Down,Down.Down
CG13551,-0.733588199,0.00985098,-1.510194941,1.31E-10,Down,Down,Down.Down
NKAIN,-0.393359139,0.009878569,0.869659524,0.00275475,Down,Up,Down.Up
sage,-0.529218772,0.009963698,-3.095953986,1.56E-10,Down,Down,Down.Down
REPTOR,-0.398343138,0.010164216,1.122454034,8.11E-04,Down,Up,Down.Up
CG31955,-1.044904445,0.010235871,1.708516306,0.002192372,Down,Up,Down.Up
Atox1,-0.578493759,0.010273976,-1.000111421,5.89E-04,Down,Down,Down.Down
DnaJ-1,-0.694971233,0.010283212,0.661634076,0.030406983,Down,Up,Down.Up
CG1077,0.767682698,0.010707989,7.483714015,1.47E-11,Up,Up,Up.Up
RpL35,-0.980205758,0.010712735,0.861644568,6.24E-05,Down,Up,Down.Up
kcc,-0.482098492,0.010997919,1.874616558,4.94E-10,Down,Up,Down.Up
CG16898,-0.859185304,0.011000774,3.487750879,9.99E-06,Down,Up,Down.Up
PGRP-SD,0.657260129,0.011099501,-1.770374843,1.73E-09,Up,Down,Up.Down
snoRNA:Tudor-SN-a,-1.136724393,0.011116005,-0.975502946,1.61E-04,Down,Down,Down.Down
Lsm12a,-0.635152982,0.011139679,0.714066914,0.037118981,Down,Up,Down.Up
cer,-0.82074076,0.011516637,-1.384553259,9.30E-07,Down,Down,Down.Down
Tep1,-0.67224903,0.011673051,5.088853358,1.80E-56,Down,Up,Down.Up
Hsp27,-0.789891718,0.011721724,-0.730461224,0.013298431,Down,Down,Down.Down
Sardh,0.559576548,0.011747862,-0.518345096,0.048869303,Up,Down,Up.Down
fz2,-0.532996787,0.011818767,0.755210375,0.001777194,Down,Up,Down.Up
Dph1,-0.519916325,0.011977993,1.283551131,3.68E-04,Down,Up,Down.Up
snoRNA:Psi18S-1854c,-0.73064429,0.012048586,-1.195384229,2.19E-04,Down,Down,Down.Down
CG8369,-0.874417871,0.012094801,-2.237393401,2.70E-17,Down,Down,Down.Down
CG5254,-0.614396734,0.012174832,-1.200418941,4.26E-05,Down,Down,Down.Down
srp,0.548932279,0.012189908,0.895850012,0.007040113,Up,Up,Up.Up
Idua,0.493090595,0.01219425,1.010049644,0.046768402,Up,Up,Up.Up
Cpr49Ac,-1.059558923,0.012333897,1.512317774,4.02E-06,Down,Up,Down.Up
Nubp2,-0.607788698,0.012337037,-0.829779753,0.028442719,Down,Down,Down.Down
CG10208,0.514764419,0.012509991,-2.293759726,3.99E-06,Up,Down,Up.Down
Argl,-0.490581652,0.012576198,-0.669163775,0.006572478,Down,Down,Down.Down
Oatp30B,-0.430626928,0.01258272,1.289578462,8.47E-08,Down,Up,Down.Up
Zip71B,-0.620413748,0.012945117,1.129564783,0.005633905,Down,Up,Down.Up
CG43980,0.505483931,0.012968516,-1.037954808,0.032724718,Up,Down,Up.Down
BNIP3,-0.624684159,0.013044631,0.690135755,0.014793373,Down,Up,Down.Up
AttA,0.638784878,0.013142613,2.420376874,1.75E-06,Up,Up,Up.Up
Epg5,-0.443650048,0.013224489,0.827858087,0.002246167,Down,Up,Down.Up
Hipk,-0.526359386,0.013280856,0.792383535,0.004800131,Down,Up,Down.Up
lncRNA:CR46006,-0.421675524,0.013574659,-1.005203871,0.029550422,Down,Down,Down.Down
CG17660,-0.468347065,0.01360626,1.261435216,0.003176758,Down,Up,Down.Up
CG2991,-0.439637657,0.013762631,1.324285284,2.63E-04,Down,Up,Down.Up
Mtp,-0.665586342,0.013890903,0.660136134,0.036484133,Down,Up,Down.Up
CG34436,1.378983739,0.013993816,-1.264705,0.029014898,Up,Down,Up.Down
Ndg,-0.692853795,0.014115243,0.777734236,0.020634621,Down,Up,Down.Up
PGRP-SB1,0.767335006,0.014154997,-1.459466044,0.003357536,Up,Down,Up.Down
CG5854,-0.400471443,0.014160354,-0.742617408,0.006732375,Down,Down,Down.Down
GstE12,-0.550927451,0.014164866,-0.672412078,0.032508206,Down,Down,Down.Down
Non1,-0.706199332,0.014199185,1.275653704,1.08E-10,Down,Up,Down.Up
CG42460,-1.042694135,0.014319814,-5.126323752,2.16E-06,Down,Down,Down.Down
stas,-0.447685999,0.014697095,0.965737861,0.007873577,Down,Up,Down.Up
GlcT,0.436288383,0.014729539,1.372578546,4.98E-05,Up,Up,Up.Up
RpS13,-0.924464153,0.014887093,0.762458408,5.45E-04,Down,Up,Down.Up
cpa,-0.566885876,0.014915498,0.65181722,0.031355089,Down,Up,Down.Up
Tig,-0.663762784,0.015051409,0.629187454,0.032470229,Down,Up,Down.Up
CG4630,0.589939673,0.015073706,-1.550670782,2.13E-07,Up,Down,Up.Down
ScsbetaG,-0.490622565,0.015291248,-1.175319215,3.98E-07,Down,Down,Down.Down
His4r,-0.791003366,0.015395449,-1.124902603,6.04E-05,Down,Down,Down.Down
CG4829,-0.476129287,0.015664985,1.97420432,7.58E-07,Down,Up,Down.Up
Sp7,-0.561362957,0.015680585,-0.770860646,0.038929189,Down,Down,Down.Down
CG34459,0.714328289,0.015742225,1.868973314,0.004259819,Up,Up,Up.Up
Nepl3,-0.539945225,0.015881963,1.326732133,0.037193409,Down,Up,Down.Up
CG3907,-0.570286277,0.016004446,0.7916353,0.010397919,Down,Up,Down.Up
spi,-0.440382117,0.016056915,1.216511064,5.48E-06,Down,Up,Down.Up
CG1907,-0.639205387,0.016066553,-1.062104724,3.18E-05,Down,Down,Down.Down
Acyp2,-0.881662236,0.016111036,-1.535735867,0.005239465,Down,Down,Down.Down
RpL21,-0.928027143,0.01612972,-0.582999615,0.018312824,Down,Down,Down.Down
CG8908,0.527042267,0.016615538,1.717186133,0.031451372,Up,Up,Up.Up
Apt1,-0.464952306,0.016707303,1.600072375,4.71E-08,Down,Up,Down.Up
RpS21,-0.964151346,0.016796373,-0.844466695,5.26E-05,Down,Down,Down.Down
CG5515,-0.540566157,0.0169221,-0.765224403,0.036096677,Down,Down,Down.Down
CG4364,-0.567613911,0.017160819,0.895209641,5.39E-05,Down,Up,Down.Up
Pfdn6,-0.695899907,0.017202041,-0.912585417,0.022975699,Down,Down,Down.Down
S6k,-0.497428662,0.017453186,1.127228862,4.18E-04,Down,Up,Down.Up
CAP,-0.505602694,0.017498549,1.028079274,1.88E-05,Down,Up,Down.Up
ThrRS,-0.598903407,0.017571269,-0.720065933,0.008104546,Down,Down,Down.Down
Ggt-1,0.446092991,0.017799647,-0.950915289,0.002386398,Up,Down,Up.Down
babo,-0.381228567,0.017933722,1.011057872,7.01E-04,Down,Up,Down.Up
CG11050,-0.601003777,0.01811077,0.750590507,0.020848905,Down,Up,Down.Up
Cyp4g1,-0.864045556,0.018134702,1.242930178,3.33E-04,Down,Up,Down.Up
CG13220,-0.712529453,0.018134702,-0.94795089,0.009092903,Down,Down,Down.Down
LanB2,-0.409260254,0.018137594,1.146356649,7.32E-05,Down,Up,Down.Up
CG8405,-0.394669736,0.018407582,0.782404903,0.027300907,Down,Up,Down.Up
obst-J,-0.836170802,0.018527194,3.834095567,2.00E-41,Down,Up,Down.Up
Pino,-0.514604878,0.018588508,1.457936718,6.42E-08,Down,Up,Down.Up
CG13384,-0.436732824,0.018834282,0.94523346,0.002652154,Down,Up,Down.Up
CG10413,-0.501892507,0.019402647,0.852322537,0.003214581,Down,Up,Down.Up
CG12290,0.43538773,0.019618734,1.885636701,3.63E-06,Up,Up,Up.Up
CG5704,-0.563354101,0.019654008,2.180413389,7.16E-08,Down,Up,Down.Up
Ire1,-0.399475022,0.019694663,1.053281275,4.55E-04,Down,Up,Down.Up
GABA-B-R2,0.509827841,0.019713374,1.188177885,0.035165768,Up,Up,Up.Up
Sec24AB,-0.431369508,0.019904315,0.779334934,0.008915421,Down,Up,Down.Up
beta-Man,-0.524438519,0.020089415,0.629987592,0.040610337,Down,Up,Down.Up
UbcE2H,-0.54659226,0.020188403,0.688265406,0.024535527,Down,Up,Down.Up
Oatp74D,-0.506994098,0.02022539,0.672260501,0.021549889,Down,Up,Down.Up
Rpn13,-0.532353852,0.020470913,0.717107111,0.009286601,Down,Up,Down.Up
sro,0.456694164,0.020476315,-3.168403466,2.07E-32,Up,Down,Up.Down
CG8160,0.709253118,0.020550813,3.668155266,1.41E-35,Up,Up,Up.Up
ReepA,-0.507790549,0.020567657,1.070850441,4.16E-04,Down,Up,Down.Up
Ate1,-0.441092657,0.020774264,1.004015235,0.007749872,Down,Up,Down.Up
Indy,-0.678322983,0.020894646,1.540760669,4.50E-07,Down,Up,Down.Up
Agpat3,-0.613119826,0.020910519,0.867548664,0.00826372,Down,Up,Down.Up
Egfr,-0.426692361,0.021156236,0.824826109,0.001545966,Down,Up,Down.Up
Vha36-1,-0.535565209,0.021319789,-0.885997062,3.38E-04,Down,Down,Down.Down
Rpi,-0.558251473,0.021319789,-1.419036989,9.84E-08,Down,Down,Down.Down
RpL29,-0.978345981,0.021560997,-0.665176869,0.018916914,Down,Down,Down.Down
CG14270,-0.7423564,0.021606455,-1.179829849,0.031867204,Down,Down,Down.Down
MCTS1,-0.490694448,0.021853688,-0.822129568,0.041654398,Down,Down,Down.Down
bnb,-0.706385829,0.022207059,2.404885813,4.15E-12,Down,Up,Down.Up
DptB,1.098306727,0.022291508,1.365908622,0.010815102,Up,Up,Up.Up
CG8507,-0.576792906,0.022378365,0.893110439,0.006861604,Down,Up,Down.Up
Acaa,-0.674935111,0.022514538,0.607008728,0.024709912,Down,Up,Down.Up
eya,0.472021729,0.022600498,-1.42831918,0.00275475,Up,Down,Up.Down
ClpP,-0.412504848,0.022796042,-0.99655598,0.008691201,Down,Down,Down.Down
Tl,-0.442489343,0.023020808,2.709436267,3.18E-25,Down,Up,Down.Up
Hsp70Bb,-0.985477837,0.023508073,0.903576253,0.002255979,Down,Up,Down.Up
CG33226,-0.824989863,0.023526738,1.982731461,3.03E-06,Down,Up,Down.Up
D2hgdh,-0.495724394,0.023636023,0.971959403,0.002308567,Down,Up,Down.Up
Spn31A,0.670346374,0.023871394,5.302050577,0.001522193,Up,Up,Up.Up
CG7906,0.971907694,0.02397056,-1.776479541,0.040119608,Up,Down,Up.Down
vsg,-0.660964634,0.024464668,0.54787904,0.042715753,Down,Up,Down.Up
Cad96Ca,-0.379786661,0.024543342,-1.251677124,0.042060716,Down,Down,Down.Down
Obp49a,-0.783344429,0.024749079,6.691620829,2.81E-07,Down,Up,Down.Up
Tom6,-0.934466723,0.024757985,-0.962965282,0.031204687,Down,Down,Down.Down
ND-B12,-0.733368403,0.024816325,-0.991125588,0.001662435,Down,Down,Down.Down
BicDR,-0.373148534,0.024912243,-1.095602379,0.019077359,Down,Down,Down.Down
CG8195,-0.528982017,0.025704808,1.100721074,0.002551559,Down,Up,Down.Up
Marf,-0.468723893,0.025833545,0.593249192,0.041442616,Down,Up,Down.Up
Hira,0.381170765,0.026256152,-0.806563056,0.047464776,Up,Down,Up.Down
Whamy,0.447027024,0.026284025,0.671511932,0.030280001,Up,Up,Up.Up
ec,-0.41447461,0.026302184,-0.858951563,0.010206839,Down,Down,Down.Down
CG5697,0.702152377,0.026554439,2.311844707,0.003017297,Up,Up,Up.Up
Sdc,-0.599765812,0.02677553,0.828049633,0.001043121,Down,Up,Down.Up
Cyp12a4,-0.561489398,0.02704768,-1.277485411,0.002031415,Down,Down,Down.Down
CG31496,-0.764373275,0.027050007,-1.795394287,0.036823099,Down,Down,Down.Down
fog,-0.394958019,0.027051116,0.86960101,0.008713056,Down,Up,Down.Up
Pis,-0.550548344,0.027060978,0.999347581,0.001492242,Down,Up,Down.Up
shrb,-0.529952813,0.027280779,0.781243657,0.011718198,Down,Up,Down.Up
AnxB11,-0.448425301,0.027445349,1.025792377,3.83E-04,Down,Up,Down.Up
SrpRbeta,-0.564731545,0.02764225,1.022169083,0.005363153,Down,Up,Down.Up
CG9521,-0.513896332,0.027973767,-3.415359134,3.34E-05,Down,Down,Down.Down
Lamp1,-0.715704927,0.027976237,0.910784116,0.002702444,Down,Up,Down.Up
CG8654,0.491826124,0.028103158,2.329756565,5.40E-13,Up,Up,Up.Up
Tmem63,-0.4847354,0.028243267,1.099080778,4.46E-04,Down,Up,Down.Up
CG12576,-0.5102978,0.028500601,0.859436533,0.002327944,Down,Up,Down.Up
CG13654,0.400344469,0.028654447,1.609543129,5.72E-07,Up,Up,Up.Up
Ppa,-0.376242432,0.028728648,-0.82005067,0.007123912,Down,Down,Down.Down
Hn,-0.646434282,0.028784594,0.923589349,0.001259851,Down,Up,Down.Up
CG2765,-0.516383266,0.028792104,0.834529532,0.006963599,Down,Up,Down.Up
RNaseP:RNA,-0.792477905,0.028856435,-0.891455787,0.001216703,Down,Down,Down.Down
Pgd,-0.483780565,0.029488469,-1.262795935,4.99E-05,Down,Down,Down.Down
Cyp6d2,-0.581494402,0.029514722,-0.971465357,0.047985497,Down,Down,Down.Down
CG16953,-0.487420392,0.029961283,1.495644446,2.32E-08,Down,Up,Down.Up
alpha-Est8,0.45951717,0.030460523,2.540649215,3.09E-19,Up,Up,Up.Up
NdufA3,-0.718788607,0.030558148,-1.140195479,0.001520196,Down,Down,Down.Down
CG15211,-0.569065183,0.0307684,1.155323498,0.014263734,Down,Up,Down.Up
Wbp2,-0.516668164,0.031109811,0.902031867,0.001821907,Down,Up,Down.Up
CG5577,0.406904115,0.031372605,-1.370099874,4.51E-08,Up,Down,Up.Down
CG1103,-0.474233025,0.031637739,1.135166708,2.88E-05,Down,Up,Down.Up
CG15861,0.407259725,0.031895974,1.75962856,0.002919998,Up,Up,Up.Up
CG13077,0.512571586,0.03190136,2.564784635,1.57E-12,Up,Up,Up.Up
Ero1L,-0.413326223,0.031983981,1.222094992,3.80E-04,Down,Up,Down.Up
CG9776,-0.362577121,0.032938618,1.672471993,1.59E-10,Down,Up,Down.Up
Gcst,-0.361980534,0.03349339,-1.049205532,3.38E-06,Down,Down,Down.Down
CG3513,0.845103072,0.033569009,-0.827422852,0.038323181,Up,Down,Up.Down
FucTB,-0.592463353,0.033676796,2.011553567,3.97E-06,Down,Up,Down.Up
Pdk1,-0.370071916,0.034350579,1.206718784,2.42E-07,Down,Up,Down.Up
CG14721,0.40584104,0.034484275,-1.582028007,5.13E-05,Up,Down,Up.Down
Tmf,0.373167866,0.034770097,-0.720599149,0.038192151,Up,Down,Up.Down
Rab2,-0.456960257,0.034826554,0.825692017,0.002965587,Down,Up,Down.Up
fra,-0.369902286,0.035238141,1.11456091,4.60E-04,Down,Up,Down.Up
P58IPK,-0.396139651,0.035322645,0.951041932,0.001678249,Down,Up,Down.Up
AkhR,0.441230513,0.035353765,0.848437781,0.001837915,Up,Up,Up.Up
Iris,0.44913256,0.035473588,1.934376405,4.57E-06,Up,Up,Up.Up
CG5953,0.374572453,0.035620763,1.26517516,2.42E-06,Up,Up,Up.Up
lbk,-0.375044289,0.035679941,0.985137013,4.87E-04,Down,Up,Down.Up
CtsB,-0.810766226,0.035788314,0.691426955,0.028131991,Down,Up,Down.Up
bdl,0.338695745,0.036191674,4.445213965,8.48E-25,Up,Up,Up.Up
CG15611,-0.388310922,0.036277055,-1.382611889,0.003290667,Down,Down,Down.Down
CG6908,-0.723946775,0.03682896,-1.892759924,7.70E-09,Down,Down,Down.Down
CG13585,-0.573060754,0.036851177,-0.68364406,0.021931982,Down,Down,Down.Down
RalGPS,-0.359584277,0.037071667,1.11203293,0.003440969,Down,Up,Down.Up
Rab14,-0.396243722,0.037302256,1.08748516,0.011324873,Down,Up,Down.Up
egh,-0.433213052,0.037414707,1.399769236,4.18E-07,Down,Up,Down.Up
jus,0.47328587,0.037547618,1.587081717,0.047874122,Up,Up,Up.Up
apolpp,-0.861381778,0.037801528,0.571032457,0.043401457,Down,Up,Down.Up
CtsF,-0.590151442,0.037837237,1.727706728,1.79E-11,Down,Up,Down.Up
Lsp1gamma,-0.923615559,0.038209733,0.80408239,0.004700789,Down,Up,Down.Up
teq,-0.786509444,0.03849545,1.13625788,2.47E-04,Down,Up,Down.Up
Ssb-c31a,-0.671668295,0.038726622,-1.442676038,0.002878344,Down,Down,Down.Down
CG4872,0.544655563,0.039050399,-1.861969805,3.53E-04,Up,Down,Up.Down
Fhos,-0.319433847,0.039060772,0.957059287,0.003856992,Down,Up,Down.Up
senju,-0.638494991,0.039086019,1.04088786,0.049981354,Down,Up,Down.Up
CG43133,-0.777950608,0.039535052,3.551730548,1.06E-23,Down,Up,Down.Up
Pvr,-0.374620284,0.039630942,1.596825958,1.37E-12,Down,Up,Down.Up
CG30187,-0.777528938,0.039805546,2.317922386,1.75E-13,Down,Up,Down.Up
Hydr2,-0.455517376,0.039971123,1.235469945,5.51E-05,Down,Up,Down.Up
Ids,0.460447537,0.039990592,4.308199959,1.11E-15,Up,Up,Up.Up
CG4650,-1.27697197,0.040447736,0.908170958,0.012759255,Down,Up,Down.Up
snoRNA:Psi28S-1175b,-0.884660322,0.040514378,-1.485739307,0.043556337,Down,Down,Down.Down
CG17292,-0.498062765,0.040749495,-1.37163025,1.43E-06,Down,Down,Down.Down
stv,-0.481844698,0.040929846,0.816277412,0.038790258,Down,Up,Down.Up
Ehbp1,-0.370641676,0.041234962,0.676815048,0.027855885,Down,Up,Down.Up
CG33460,-0.870244431,0.041234962,1.705359989,2.58E-05,Down,Up,Down.Up
Rel,-0.465884766,0.041808039,1.793107754,3.58E-17,Down,Up,Down.Up
Pgant4,0.363861537,0.04207406,-2.698528052,2.02E-13,Up,Down,Up.Down
CG9147,0.371016353,0.042180084,-1.020139036,0.033980811,Up,Down,Up.Down
CG8299,0.636845481,0.04218698,2.148084916,2.00E-06,Up,Up,Up.Up
CG1208,0.435072667,0.042342689,9.425918877,4.49E-15,Up,Up,Up.Up
Tpp,-0.730404096,0.042557493,-1.033274717,0.002547255,Down,Down,Down.Down
Septin1,-0.429122153,0.042665581,0.953626041,0.001047863,Down,Up,Down.Up
Cubn2,0.358519962,0.043223672,-1.519383587,0.001136069,Up,Down,Up.Down
mrn,0.368056817,0.043223672,-0.882905623,0.046748126,Up,Down,Up.Down
Mthfs,0.358609714,0.043509822,-1.298919628,4.06E-07,Up,Down,Up.Down
ft,-0.347733774,0.043712552,-0.689025319,0.019053798,Down,Down,Down.Down
Ist1,-0.432472381,0.043878224,1.141290057,2.38E-04,Down,Up,Down.Up
CG8665,0.600237088,0.04397059,-2.209686389,2.00E-11,Up,Down,Up.Down
Dic1,-0.423016557,0.044940258,1.705980825,2.23E-11,Down,Up,Down.Up
CG5191,0.352463646,0.0453122,1.307841513,1.53E-04,Up,Up,Up.Up
Irc,-0.588371362,0.046031356,0.831984828,0.003357536,Down,Up,Down.Up
CG32448,-0.602185666,0.046068529,-1.794642553,3.28E-06,Down,Down,Down.Down
CG8778,-0.488000575,0.046665463,-1.572060952,6.04E-05,Down,Down,Down.Down
CG5707,0.420972257,0.047076588,-1.32130862,5.72E-04,Up,Down,Up.Down
lncRNA:CR45138,-0.96482725,0.0470904,-3.39733043,0.003403623,Down,Down,Down.Down
cert,-0.347026962,0.048151256,0.749015469,0.006377447,Down,Up,Down.Up
Obp44a,-0.746309576,0.048809041,-0.746553762,0.043383428,Down,Down,Down.Down
Cdep,-0.283137935,0.048887765,0.700588762,0.015167922,Down,Up,Down.Up
oya,-0.496493559,0.049008225,-1.182502646,2.84E-04,Down,Down,Down.Down
Cht2,-0.373047211,0.049196192,-1.016321967,0.046201276,Down,Down,Down.Down
Tsp42Eh,-0.421337674,0.049226646,2.83058852,1.63E-12,Down,Up,Down.Up
a,0.320558145,0.049295585,-0.975775172,0.010859618,Up,Down,Up.Down
dj-1beta,-0.611302379,0.049829693,-1.750825794,2.72E-07,Down,Down,Down.Down
Acbp1,-0.605559624,0.049936487,-1.46054453,9.36E-06,Down,Down,Down.Down
